barcode,sample_id,subject_id,disease,severity,doublet_score,total_counts,n_genes_by_counts,pct_counts_mt
AACGAAAGTAGGACTG-1,Sample1,SW103,COVID-19,severe,0.33566433566433534,13799.0,3213,9.21806
AAGCCATAGATGCTAA-1,Sample1,SW103,COVID-19,severe,0.3895582329317266,7101.0,2012,8.196029
AATAGAGGTGTGAGCA-1,Sample1,SW103,COVID-19,severe,0.46226415094339585,4736.0,1285,12.816723
AATCGTGAGTGCAGGT-1,Sample1,SW103,COVID-19,severe,0.33566433566433534,26385.0,4096,5.419746
ACAAGCTAGTGCGTCC-1,Sample1,SW103,COVID-19,severe,0.3895582329317266,5133.0,1611,9.195402
ACAAGCTTCAGACCGC-1,Sample1,SW103,COVID-19,severe,0.46226415094339585,1938.0,839,8.152735
ACACGCGGTTAAAGTG-1,Sample1,SW103,COVID-19,severe,0.33566433566433534,6866.0,2235,5.92776
ACCACAAAGGACTGGT-1,Sample1,SW103,COVID-19,severe,0.5657142857142853,27216.0,5114,6.984862
ACCTGTCGTGGCTAGA-1,Sample1,SW103,COVID-19,severe,0.33566433566433534,26504.0,4908,8.7609415
ACGTAACGTGACACGA-1,Sample1,SW103,COVID-19,severe,0.33566433566433534,1917.0,956,11.215441
ACTTCCGTCGGTCGAC-1,Sample1,SW103,COVID-19,severe,0.3895582329317266,9237.0,2467,12.352495
AGATGAATCTGGGCAC-1,Sample1,SW103,COVID-19,severe,0.3895582329317266,5184.0,1715,6.6550927
AGGAAATAGTAAATGC-1,Sample1,SW103,COVID-19,severe,0.33566433566433534,5928.0,2034,4.7739544
ATCATTCCAGCTGTCG-1,Sample1,SW103,COVID-19,severe,0.46226415094339585,11799.0,2253,8.365115
ATTCAGGCACAGCCAC-1,Sample1,SW103,COVID-19,severe,0.46226415094339585,4505.0,1546,5.4384017
CAGAGCCAGCATGGGT-1,Sample1,SW103,COVID-19,severe,0.46226415094339585,4828.0,1593,5.4888153
CATTTCACATCGGAAG-1,Sample1,SW103,COVID-19,severe,0.5657142857142853,12517.0,3324,6.1276665
CCCTGATCACAGAGCA-1,Sample1,SW103,COVID-19,severe,0.33566433566433534,15828.0,3961,11.928228
CCGGACACAAGTTCCA-1,Sample1,SW103,COVID-19,severe,0.3895582329317266,7906.0,1955,5.3756638
CGAGAAGGTTGCGGCT-1,Sample1,SW103,COVID-19,severe,0.3895582329317266,15190.0,3694,7.6234365
CGCCAGAGTGAGTGAC-1,Sample1,SW103,COVID-19,severe,0.3895582329317266,9100.0,2159,7.472528
CGGAATTGTGACTCTA-1,Sample1,SW103,COVID-19,severe,0.3895582329317266,12484.0,2948,6.7125926
CGTTCTGGTATATGGA-1,Sample1,SW103,COVID-19,severe,0.5657142857142853,15018.0,3753,7.5176454
CTCCACAAGCCAGTAG-1,Sample1,SW103,COVID-19,severe,0.33566433566433534,8652.0,2217,6.010171
CTCCACAGTGGGTCAA-1,Sample1,SW103,COVID-19,severe,0.3895582329317266,22162.0,4371,7.021027
CTTCTAAGTACTTCCC-1,Sample1,SW103,COVID-19,severe,0.46226415094339585,17188.0,4048,11.8862
CTTCTCTCAATGTCAC-1,Sample1,SW103,COVID-19,severe,0.3895582329317266,4782.0,1444,12.066081
GAAGCGACATCCTATT-1,Sample1,SW103,COVID-19,severe,0.3895582329317266,8802.0,2604,5.71461
GACATCAAGTTTGCTG-1,Sample1,SW103,COVID-19,severe,0.46226415094339585,5868.0,2000,7.685753
GCTGAATGTAAGCGGT-1,Sample1,SW103,COVID-19,severe,0.33566433566433534,14368.0,3521,9.820435
GGAATCTCACAGTGTT-1,Sample1,SW103,COVID-19,severe,0.5657142857142853,9148.0,2490,6.668124
GGGCCATCAACACACT-1,Sample1,SW103,COVID-19,severe,0.3895582329317266,7643.0,2576,11.762397
GGTAATCGTCACTGAT-1,Sample1,SW103,COVID-19,severe,0.46226415094339585,4623.0,1403,8.695652
GTAGATCAGACCGTTT-1,Sample1,SW103,COVID-19,severe,0.46226415094339585,21248.0,4403,6.4570785
GTCCCATGTCGTATTG-1,Sample1,SW103,COVID-19,severe,0.3895582329317266,12111.0,2697,5.1358266
GTCTGTCAGCTAAATG-1,Sample1,SW103,COVID-19,severe,0.3895582329317266,8797.0,2619,9.355462
GTGATGTTCCTGTAAG-1,Sample1,SW103,COVID-19,severe,0.3895582329317266,16580.0,4129,5.778046
GTGTTAGTCACGATAC-1,Sample1,SW103,COVID-19,severe,0.5657142857142853,6596.0,2096,6.761674
GTTGTCCTCTAGAACC-1,Sample1,SW103,COVID-19,severe,0.3895582329317266,5541.0,1606,12.759429
TAAGTCGCAGGACGAT-1,Sample1,SW103,COVID-19,severe,0.3895582329317266,11406.0,2122,4.778187
TAGACTGCAACACAGG-1,Sample1,SW103,COVID-19,severe,0.5657142857142853,9366.0,2604,6.9613495
TAGGTTGGTACACGCC-1,Sample1,SW103,COVID-19,severe,0.3895582329317266,19146.0,3873,4.6432676
TCAAGTGAGCGTACAG-1,Sample1,SW103,COVID-19,severe,0.3895582329317266,15429.0,3423,6.747035
TCAGTGAAGAAATTGC-1,Sample1,SW103,COVID-19,severe,0.5657142857142853,17497.0,3861,8.275704
TCCTTCTAGGCCTGCT-1,Sample1,SW103,COVID-19,severe,0.33566433566433534,7159.0,2626,3.2546446
TCGCTCATCTGGCCAG-1,Sample1,SW103,COVID-19,severe,0.3895582329317266,2320.0,919,7.1120687
TCTTAGTAGCGTGCTC-1,Sample1,SW103,COVID-19,severe,0.5657142857142853,10202.0,2760,6.9692216
TGAGGAGAGTTCCATG-1,Sample1,SW103,COVID-19,severe,0.3895582329317266,12806.0,3381,7.7385597
TGCGATAAGAGCCGTA-1,Sample1,SW103,COVID-19,severe,0.46226415094339585,11617.0,3160,10.717053
TGGGCTGGTAGATGTA-1,Sample1,SW103,COVID-19,severe,0.33566433566433534,4095.0,1579,5.250305
TGTGAGTAGTAAGGGA-1,Sample1,SW103,COVID-19,severe,0.33566433566433534,12829.0,3248,7.062125
TTATTGCAGCCTGCCA-1,Sample1,SW103,COVID-19,severe,0.3895582329317266,8284.0,2335,5.649445
TTCTGTAAGAAGCGAA-1,Sample1,SW103,COVID-19,severe,0.3895582329317266,7408.0,1810,6.5334773
TTTACTGTCAGGTAAA-1,Sample1,SW103,COVID-19,severe,0.33566433566433534,11517.0,3121,6.763914
TTTCAGTGTCACCTTC-1,Sample1,SW103,COVID-19,severe,0.46226415094339585,3123.0,385,0.22414345
ATGAGTCCAACTACGT-2,Sample2,SW104,COVID-19,mild,0.580110497237569,14416.0,3022,5.688124
ATTTCACGTCCACAGC-2,Sample2,SW104,COVID-19,mild,0.580110497237569,9574.0,2582,7.938166
CATGCGGGTGACACAG-2,Sample2,SW104,COVID-19,mild,0.580110497237569,10518.0,2343,6.370033
CGTCCATGTGGCCACT-2,Sample2,SW104,COVID-19,mild,0.580110497237569,19524.0,4078,6.7660317
GTTCCGTGTTATCCAG-2,Sample2,SW104,COVID-19,mild,0.580110497237569,9775.0,2745,12.286445
AAACGAAGTGCATACT-3,Sample3,SW105,influenza,severe,0.580110497237569,28646.0,5225,8.985548
CCACGAGTCGTGTGAT-3,Sample3,SW105,influenza,severe,0.580110497237569,14405.0,3808,7.0045123
CCGGTGAAGAAGAACG-3,Sample3,SW105,influenza,severe,0.580110497237569,6757.0,2115,10.25603
CGAGTGCGTCAACGCC-3,Sample3,SW105,influenza,severe,0.580110497237569,7151.0,2186,12.431828
CGCGTGATCGTTCTGC-3,Sample3,SW105,influenza,severe,0.580110497237569,13689.0,3610,8.06487
CTCCCAACAGGTCCCA-3,Sample3,SW105,influenza,severe,0.580110497237569,4682.0,1860,8.650149
CTGCAGGGTAATGTGA-3,Sample3,SW105,influenza,severe,0.580110497237569,7382.0,2384,8.127878
GAGGGATAGTACAGAT-3,Sample3,SW105,influenza,severe,0.580110497237569,14272.0,3686,6.4321747
GATTCGACATGGAGAC-3,Sample3,SW105,influenza,severe,0.580110497237569,4936.0,1834,12.662074
GGCACGTCACTGGATT-3,Sample3,SW105,influenza,severe,0.580110497237569,6813.0,2366,9.980919
GGCTGTGCAGTTGTCA-3,Sample3,SW105,influenza,severe,0.580110497237569,7665.0,2439,8.023483
GTGGAGAAGGTGCAGT-3,Sample3,SW105,influenza,severe,0.580110497237569,3726.0,1439,11.782072
TATTTCGAGTCTTCCC-3,Sample3,SW105,influenza,severe,0.580110497237569,8502.0,2645,7.5629263
TCCTTTCAGCGTGAAC-3,Sample3,SW105,influenza,severe,0.580110497237569,15354.0,3829,7.3075423
TGTCCACCAACGGTAG-3,Sample3,SW105,influenza,severe,0.580110497237569,16786.0,3911,5.123317
TTTGGTTCATGACGTT-3,Sample3,SW105,influenza,severe,0.580110497237569,1630.0,892,11.472393
AATCGTGGTACCTAGT-4,Sample4,SW106,influenza,severe,0.4153846153846153,2997.0,1228,12.0120125
ACTATCTCAATCTGCA-4,Sample4,SW106,influenza,severe,0.3173652694610778,5091.0,1688,13.690826
AGTAGTCCAAGCGCTC-4,Sample4,SW106,influenza,severe,0.4153846153846153,10556.0,2999,7.588102
CACGGGTCAACGACAG-4,Sample4,SW106,influenza,severe,0.3173652694610778,6379.0,1885,7.5717196
CACTGAATCCGTGACG-4,Sample4,SW106,influenza,severe,0.2549019607843137,14285.0,3353,12.481624
CACTGGGGTAGCGTCC-4,Sample4,SW106,influenza,severe,0.4153846153846153,18315.0,3961,7.993448
CATAAGCCAAGTCGTT-4,Sample4,SW106,influenza,severe,0.4153846153846153,14334.0,3078,7.485698
GATGACTTCACTTGTT-4,Sample4,SW106,influenza,severe,0.4153846153846153,10384.0,2826,10.439137
GATGTTGAGACGTCGA-4,Sample4,SW106,influenza,severe,0.4153846153846153,4408.0,1391,14.337568
GGTTCTCGTTAGTTCG-4,Sample4,SW106,influenza,severe,0.4153846153846153,1458.0,669,8.984911
TATCTGTCATAATGAG-4,Sample4,SW106,influenza,severe,0.4153846153846153,12964.0,3188,12.812403
TCACAAGAGGGCGAGA-4,Sample4,SW106,influenza,severe,0.3173652694610778,8108.0,2025,12.049827
TCAGTCCGTACCCACG-4,Sample4,SW106,influenza,severe,0.2549019607843137,26366.0,4911,7.0886745
TCTGTCGCAGTGCCTG-4,Sample4,SW106,influenza,severe,0.3173652694610778,8466.0,2562,7.1934795
TGAGCATTCTCCACTG-4,Sample4,SW106,influenza,severe,0.4153846153846153,7057.0,2188,8.24713
TGGGAAGTCTGGGAGA-4,Sample4,SW106,influenza,severe,0.3173652694610778,9311.0,2425,6.648051
AAAGAACGTTCATCGA-5,Sample5,SW107,healthy_control,,0.5657142857142853,13869.0,3229,8.255822
AGGAATAGTCCTGGTG-5,Sample5,SW107,healthy_control,,0.5657142857142853,9142.0,2974,8.16014
AGGTAGGTCTTCCCGA-5,Sample5,SW107,healthy_control,,0.5657142857142853,346.0,243,4.33526
AGTCACAGTAATCAAG-5,Sample5,SW107,healthy_control,,0.5657142857142853,14741.0,3705,7.0144496
ATCGTCCTCTACGCAA-5,Sample5,SW107,healthy_control,,0.5657142857142853,18474.0,4393,5.2885137
CGATCGGTCTTCACGC-5,Sample5,SW107,healthy_control,,0.5657142857142853,17371.0,4025,6.6087155
GTGGAGATCTCGAACA-5,Sample5,SW107,healthy_control,,0.5657142857142853,26254.0,4968,7.834996
AATCACGAGGGCTTCC-6,Sample6,SW108,influenza,severe,0.2830188679245281,10613.0,3291,7.6698384
AATCACGGTGTCTTCC-6,Sample6,SW108,influenza,severe,0.33333333333333315,19400.0,4588,7.041237
ACAGGGAGTATGAAGT-6,Sample6,SW108,influenza,severe,0.5064935064935057,12777.0,3751,8.116146
ACATGCATCAACACCA-6,Sample6,SW108,influenza,severe,0.4031413612565445,15216.0,3989,7.2029443
ACTGTGATCCCGAGTG-6,Sample6,SW108,influenza,severe,0.4031413612565445,4725.0,1742,7.259259
AGAACAATCCCATTCG-6,Sample6,SW108,influenza,severe,0.4031413612565445,8455.0,2665,10.100533
AGGGTTTCATGAGGGT-6,Sample6,SW108,influenza,severe,0.2830188679245281,7781.0,2523,9.960159
CATACAGAGTCTCCTC-6,Sample6,SW108,influenza,severe,0.33333333333333315,6137.0,1813,6.452664
CCTACGTCAGAGACTG-6,Sample6,SW108,influenza,severe,0.33333333333333315,7361.0,2493,7.7842684
CCTCCAAGTCTGTGCG-6,Sample6,SW108,influenza,severe,0.2830188679245281,8953.0,2904,7.103764
CTGAGCGCAATGAACA-6,Sample6,SW108,influenza,severe,0.5064935064935057,20008.0,4440,7.5469813
CTGATCCAGCCACAAG-6,Sample6,SW108,influenza,severe,0.5064935064935057,14646.0,3893,8.95125
CTTAGGACACTTTATC-6,Sample6,SW108,influenza,severe,0.2830188679245281,15855.0,4248,7.5181327
CTTCCTTCATTACGGT-6,Sample6,SW108,influenza,severe,0.2830188679245281,11491.0,3254,5.395527
CTTCGGTCACAACGTT-6,Sample6,SW108,influenza,severe,0.2830188679245281,16412.0,3696,11.253961
GAAGCGAGTATGCGGA-6,Sample6,SW108,influenza,severe,0.33333333333333315,7037.0,2240,11.283217
GACACGCCAGGCGTTC-6,Sample6,SW108,influenza,severe,0.4031413612565445,25047.0,4985,7.1345873
GATGGAGAGACGCATG-6,Sample6,SW108,influenza,severe,0.2830188679245281,5766.0,1995,10.180367
GCCTGTTCACAGAGCA-6,Sample6,SW108,influenza,severe,0.33333333333333315,9581.0,2914,7.034756
GGAGGATCAGGTTACT-6,Sample6,SW108,influenza,severe,0.2830188679245281,14792.0,3791,10.539481
GTGAGGACATAGAGGC-6,Sample6,SW108,influenza,severe,0.2830188679245281,7598.0,2521,12.174256
GTGTGGCGTGACCGAA-6,Sample6,SW108,influenza,severe,0.5064935064935057,5252.0,2043,11.576542
GTTGCGGTCAGAGCGA-6,Sample6,SW108,influenza,severe,0.5064935064935057,12005.0,3454,10.537276
TACTGCCAGAAAGCGA-6,Sample6,SW108,influenza,severe,0.5064935064935057,15051.0,3712,8.643944
TCCATGCTCGCCGAAC-6,Sample6,SW108,influenza,severe,0.2830188679245281,16891.0,3835,12.385294
TCCTCGAAGCAGGCAT-6,Sample6,SW108,influenza,severe,0.4031413612565445,16067.0,4190,6.3608637
TCTTTGAGTGTGACCC-6,Sample6,SW108,influenza,severe,0.4031413612565445,5269.0,1992,14.575821
TGGTAGTTCTGAATCG-6,Sample6,SW108,influenza,severe,0.5064935064935057,20571.0,4400,9.0613
TTCTTGAGTTCTGAGT-6,Sample6,SW108,influenza,severe,0.4031413612565445,9928.0,2712,12.862611
TTGGATGCATCATCCC-6,Sample6,SW108,influenza,severe,0.5064935064935057,14962.0,3580,8.949339
TTTATGCCAACCCTAA-6,Sample6,SW108,influenza,severe,0.4031413612565445,6597.0,2160,4.3201456
TTTGATCTCCATCTCG-6,Sample6,SW108,influenza,severe,0.2830188679245281,7242.0,2308,7.884562
AGTCTCCTCCGAGGCT-7,Sample7,SW109,influenza,severe,0.38709677419354804,13511.0,3184,9.62919
CAGATTGCAACCCTCT-7,Sample7,SW109,influenza,severe,0.29192546583850926,9409.0,2683,8.215538
CATTCATTCGTGGACC-7,Sample7,SW109,influenza,severe,0.29192546583850926,4695.0,1836,4.771033
CCATCACGTTGAGGAC-7,Sample7,SW109,influenza,severe,0.38709677419354804,14952.0,3871,9.115837
CTGAATGAGAGTTGAT-7,Sample7,SW109,influenza,severe,0.38709677419354804,7789.0,2549,9.089742
CTTCAATCAAGATGGC-7,Sample7,SW109,influenza,severe,0.38709677419354804,2274.0,318,0.043975372
GACTCTCTCCTGGGTG-7,Sample7,SW109,influenza,severe,0.29192546583850926,5045.0,1993,4.7770066
GCCATTCGTGGTTCTA-7,Sample7,SW109,influenza,severe,0.29192546583850926,22258.0,4535,6.559439
GCTTGGGGTGAATGTA-7,Sample7,SW109,influenza,severe,0.38709677419354804,11673.0,3169,5.1829004
GGCGTCATCGCGTTTC-7,Sample7,SW109,influenza,severe,0.38709677419354804,7412.0,2442,8.202914
GTGGTTAAGGCAGCTA-7,Sample7,SW109,influenza,severe,0.38709677419354804,11032.0,3070,7.9042783
TCCGTGTTCTCCCAAC-7,Sample7,SW109,influenza,severe,0.29192546583850926,10191.0,2833,10.057894
TCGGATAGTCCAGTTA-7,Sample7,SW109,influenza,severe,0.38709677419354804,26934.0,5216,7.3735795
TGCAGGCGTCACCTTC-7,Sample7,SW109,influenza,severe,0.38709677419354804,6215.0,2253,8.125503
GACTTCCGTGTCCAAT-8,Sample8,SW110,influenza,severe,0.2500000000000001,4517.0,1902,3.3207881
GTCGAATCATGAAAGT-8,Sample8,SW110,influenza,severe,0.2500000000000001,3499.0,1416,9.202629
TACCCACAGGAGGGTG-8,Sample8,SW110,influenza,severe,0.2500000000000001,5144.0,1760,6.706843
TCTATACAGATGCGAC-8,Sample8,SW110,influenza,severe,0.2500000000000001,2004.0,1005,11.676647
AACCCAAGTGTTACTG-10,Sample10,SW112,COVID-19,severe,0.1957671957671958,5720.0,2123,5.5244756
ACCAACACATGTCTAG-10,Sample10,SW112,COVID-19,severe,0.3391304347826084,9345.0,2854,6.056715
ATCGCCTCACCATTCC-10,Sample10,SW112,COVID-19,severe,0.1957671957671958,3647.0,1552,5.1275024
CGGGTCAAGATAACGT-10,Sample10,SW112,COVID-19,severe,0.2500000000000001,21103.0,4256,8.671753
GACTTCCTCATTACCT-10,Sample10,SW112,COVID-19,severe,0.2500000000000001,10229.0,3140,7.879558
GCAGCCACACAATGCT-10,Sample10,SW112,COVID-19,severe,0.1957671957671958,25274.0,2814,8.273324
GGGTCTGGTTTGATCG-10,Sample10,SW112,COVID-19,severe,0.3391304347826084,11304.0,3157,7.2186837
TCGACCTAGAGCAGAA-10,Sample10,SW112,COVID-19,severe,0.1957671957671958,7218.0,2236,4.8489885
TCGGTCTTCCACTAGA-10,Sample10,SW112,COVID-19,severe,0.3391304347826084,11788.0,3046,9.017645
TGATGGTAGAGGATCC-10,Sample10,SW112,COVID-19,severe,0.2500000000000001,8811.0,2778,6.889116
TTTCATGTCTCTCGAC-10,Sample10,SW112,COVID-19,severe,0.2500000000000001,10488.0,3111,6.998474
AAAGGATGTCACTCGG-11,Sample11,SW113,COVID-19,mild,0.5581395348837199,10999.0,3271,5.155014
AAAGGGCCAGAGGCAT-11,Sample11,SW113,COVID-19,mild,0.5581395348837199,22506.0,4318,5.651826
AACCAACGTAGCGAGT-11,Sample11,SW113,COVID-19,mild,0.28750000000000014,6839.0,2372,11.741483
AACTTCTTCTTCCTAA-11,Sample11,SW113,COVID-19,mild,0.5581395348837199,12790.0,3378,10.531666
AAGCGTTAGAGAATCT-11,Sample11,SW113,COVID-19,mild,0.3821138211382112,20746.0,4505,7.779813
ACCAACAGTAACAGGC-11,Sample11,SW113,COVID-19,mild,0.32862190812720876,17037.0,3850,7.8241477
ACTTCGCAGGCCACTC-11,Sample11,SW113,COVID-19,mild,0.32862190812720876,17350.0,3957,6.726225
AGAAGCGCAGCGCTTG-11,Sample11,SW113,COVID-19,mild,0.28750000000000014,11621.0,3295,10.007744
AGATAGAAGTCATCCA-11,Sample11,SW113,COVID-19,mild,0.2549019607843137,3611.0,1100,10.966491
AGATCCAGTGGAAATT-11,Sample11,SW113,COVID-19,mild,0.3821138211382112,18808.0,4051,8.650574
AGCCAATAGGTAAACT-11,Sample11,SW113,COVID-19,mild,0.3821138211382112,16923.0,4040,8.060037
AGCCAGCCAAGTCCCG-11,Sample11,SW113,COVID-19,mild,0.45454545454545453,18181.0,3978,7.1393213
AGCGCTGGTAGAGACC-11,Sample11,SW113,COVID-19,mild,0.5581395348837199,13904.0,3292,9.421749
AGGAATATCGATGCAT-11,Sample11,SW113,COVID-19,mild,0.28750000000000014,6202.0,1985,8.513383
AGGTAGGTCTACCACC-11,Sample11,SW113,COVID-19,mild,0.28750000000000014,5173.0,1913,7.2685094
AGTCTCCCATCAGTCA-11,Sample11,SW113,COVID-19,mild,0.45454545454545453,6027.0,2281,8.511698
AGTGTTGTCTTGGGCG-11,Sample11,SW113,COVID-19,mild,0.32862190812720876,22242.0,4572,7.3149896
AGTTCGACACACAGCC-11,Sample11,SW113,COVID-19,mild,0.32862190812720876,16144.0,3708,5.859762
ATCGATGTCTGTCGTC-11,Sample11,SW113,COVID-19,mild,0.5581395348837199,17574.0,4284,5.354501
ATCGGATAGCCTGCCA-11,Sample11,SW113,COVID-19,mild,0.32862190812720876,15271.0,3601,6.4239407
ATGGAGGCATCTAACG-11,Sample11,SW113,COVID-19,mild,0.32862190812720876,17223.0,3810,7.1009693
ATTGTTCAGAGATTCA-11,Sample11,SW113,COVID-19,mild,0.3821138211382112,9358.0,2789,10.889079
ATTTCACAGCCTCTCT-11,Sample11,SW113,COVID-19,mild,0.32862190812720876,8306.0,2836,7.151457
CAAAGAAGTAACATCC-11,Sample11,SW113,COVID-19,mild,0.2549019607843137,9986.0,2967,11.976768
CAACCTCAGAGCTTTC-11,Sample11,SW113,COVID-19,mild,0.45454545454545453,7788.0,2838,7.70416
CAAGAGGAGATGATTG-11,Sample11,SW113,COVID-19,mild,0.2549019607843137,8977.0,2555,13.289517
CAAGAGGCAGCTGTCG-11,Sample11,SW113,COVID-19,mild,0.32862190812720876,19785.0,4336,5.3222136
CACTTCGGTTCGGCTG-11,Sample11,SW113,COVID-19,mild,0.3821138211382112,5021.0,1750,4.023103
CAGATTGGTTATAGCC-11,Sample11,SW113,COVID-19,mild,0.3821138211382112,11595.0,3137,5.321259
CATCGCTTCCCAGGAC-11,Sample11,SW113,COVID-19,mild,0.3821138211382112,12550.0,3260,8.223107
CATTCATTCCGTCACT-11,Sample11,SW113,COVID-19,mild,0.28750000000000014,4828.0,1981,13.815245
CCAAGCGCAGCTGTTA-11,Sample11,SW113,COVID-19,mild,0.28750000000000014,17143.0,4091,5.284956
CCCTTAGCAATACCTG-11,Sample11,SW113,COVID-19,mild,0.3821138211382112,18004.0,4447,5.415463
CCGAACGGTCTCCCTA-11,Sample11,SW113,COVID-19,mild,0.32862190812720876,13844.0,3586,5.2730427
CCTCAGTCAGGATTCT-11,Sample11,SW113,COVID-19,mild,0.45454545454545453,11590.0,3086,6.0828304
CCTCAGTTCTCATTAC-11,Sample11,SW113,COVID-19,mild,0.28750000000000014,17141.0,3981,6.1198297
CCTTCAGAGGTGATAT-11,Sample11,SW113,COVID-19,mild,0.3821138211382112,14454.0,3275,6.3857756
CGACAGCCATCGAGCC-11,Sample11,SW113,COVID-19,mild,0.2549019607843137,6160.0,1874,7.9545455
CGAGGCTTCGGTTCAA-11,Sample11,SW113,COVID-19,mild,0.5581395348837199,10812.0,2715,9.757677
CGAGTGCCATCGCCTT-11,Sample11,SW113,COVID-19,mild,0.28750000000000014,7857.0,2860,11.900216
CGTTCTGCACTAACGT-11,Sample11,SW113,COVID-19,mild,0.3821138211382112,5534.0,2017,8.239971
CTAAGTGCAGGAAGTC-11,Sample11,SW113,COVID-19,mild,0.32862190812720876,17066.0,3987,6.0588303
CTCAAGAGTAGTATAG-11,Sample11,SW113,COVID-19,mild,0.28750000000000014,11264.0,3069,7.421875
CTCAATTTCGCCACTT-11,Sample11,SW113,COVID-19,mild,0.2549019607843137,22468.0,4370,6.529286
CTGCATCAGAGTCAAT-11,Sample11,SW113,COVID-19,mild,0.2549019607843137,19113.0,3968,5.3994665
CTGCTCACAGATACTC-11,Sample11,SW113,COVID-19,mild,0.2549019607843137,5017.0,1915,4.6442094
CTGGACGGTGCCTGCA-11,Sample11,SW113,COVID-19,mild,0.32862190812720876,17953.0,4120,7.5920463
CTGGCAGAGTAATACG-11,Sample11,SW113,COVID-19,mild,0.28750000000000014,22781.0,4664,6.7951365
CTGGTCTTCCATTTAC-11,Sample11,SW113,COVID-19,mild,0.28750000000000014,16448.0,3957,10.40248
CTGTCGTCATCCGATA-11,Sample11,SW113,COVID-19,mild,0.45454545454545453,23616.0,4690,5.9239497
CTTCAATAGGGTGAAA-11,Sample11,SW113,COVID-19,mild,0.45454545454545453,15767.0,3838,5.8286295
GAAATGAAGCAGCAGT-11,Sample11,SW113,COVID-19,mild,0.45454545454545453,19133.0,3916,6.5070825
GAACTGTTCAATCTTC-11,Sample11,SW113,COVID-19,mild,0.45454545454545453,16519.0,3773,5.2848234
GAATCGTTCGCTCCTA-11,Sample11,SW113,COVID-19,mild,0.5581395348837199,4835.0,1446,7.590486
GAGGGATCAAAGCAAT-11,Sample11,SW113,COVID-19,mild,0.32862190812720876,10214.0,2984,8.184844
GAGTCATGTCTCGACG-11,Sample11,SW113,COVID-19,mild,0.3821138211382112,8108.0,2388,11.9511595
GATGTTGAGTAAGACT-11,Sample11,SW113,COVID-19,mild,0.28750000000000014,6179.0,2169,4.6123967
GCACATAAGTATGGCG-11,Sample11,SW113,COVID-19,mild,0.2549019607843137,5713.0,1649,10.187292
GCAGTTAGTTTACTGG-11,Sample11,SW113,COVID-19,mild,0.32862190812720876,13387.0,3578,5.6472697
GCCATTCAGTCATAGA-11,Sample11,SW113,COVID-19,mild,0.45454545454545453,16762.0,4061,5.3036633
GCGTTTCTCTCGCAGG-11,Sample11,SW113,COVID-19,mild,0.45454545454545453,9567.0,3077,6.2402005
GCTGAATGTATGAAGT-11,Sample11,SW113,COVID-19,mild,0.32862190812720876,19276.0,4186,7.56381
GGGTCACTCGCACTCT-11,Sample11,SW113,COVID-19,mild,0.28750000000000014,12772.0,3146,6.2558727
GTAGAGGAGGGCGAAG-11,Sample11,SW113,COVID-19,mild,0.32862190812720876,29964.0,5329,7.565746
GTCCTCAGTGCAGATG-11,Sample11,SW113,COVID-19,mild,0.3821138211382112,13417.0,3376,7.445778
GTCGTAAGTGTGACCC-11,Sample11,SW113,COVID-19,mild,0.3821138211382112,8152.0,2639,7.127085
GTGATGTGTAGCACGA-11,Sample11,SW113,COVID-19,mild,0.45454545454545453,2802.0,1107,7.10207
GTGCAGCCAAGTCCAT-11,Sample11,SW113,COVID-19,mild,0.3821138211382112,29352.0,5305,7.7848186
GTGTAACAGCCTTTCC-11,Sample11,SW113,COVID-19,mild,0.32862190812720876,11138.0,2845,6.3296824
GTGTGGCGTTCGTTCC-11,Sample11,SW113,COVID-19,mild,0.3821138211382112,7084.0,2231,10.516657
GTGTGGCTCCTAAACG-11,Sample11,SW113,COVID-19,mild,0.45454545454545453,7381.0,2485,7.5870476
GTTCGCTGTAGATTAG-11,Sample11,SW113,COVID-19,mild,0.3821138211382112,9314.0,2285,10.210436
GTTGCGGGTATGCGGA-11,Sample11,SW113,COVID-19,mild,0.3821138211382112,18610.0,3921,9.242343
TAACACGTCTTTGCTA-11,Sample11,SW113,COVID-19,mild,0.5581395348837199,414.0,286,9.661836
TATATCCTCGAGCCAC-11,Sample11,SW113,COVID-19,mild,0.45454545454545453,11020.0,2969,7.2867513
TATTCCAAGTGAACAT-11,Sample11,SW113,COVID-19,mild,0.45454545454545453,16329.0,3826,4.9849963
TATTCCACAGCTGCCA-11,Sample11,SW113,COVID-19,mild,0.45454545454545453,6754.0,1932,8.246965
TATTGGGTCGACGACC-11,Sample11,SW113,COVID-19,mild,0.45454545454545453,5752.0,1860,8.188457
TCAAGTGTCAAGGAGC-11,Sample11,SW113,COVID-19,mild,0.28750000000000014,6192.0,1579,10.868863
TCACGCTAGTATGGCG-11,Sample11,SW113,COVID-19,mild,0.3821138211382112,11813.0,3272,7.347837
TCGCACTTCGAGAAGC-11,Sample11,SW113,COVID-19,mild,0.45454545454545453,15192.0,3607,6.7074776
TCGGGCATCCAGTGCG-11,Sample11,SW113,COVID-19,mild,0.3821138211382112,5270.0,1774,11.574952
TCTCCGAAGGGCGAGA-11,Sample11,SW113,COVID-19,mild,0.32862190812720876,20787.0,4182,7.0428634
TCTGGCTTCGTGGTAT-11,Sample11,SW113,COVID-19,mild,0.32862190812720876,10389.0,2831,6.4683805
TGTCAGAGTCCTCAGG-11,Sample11,SW113,COVID-19,mild,0.5581395348837199,14581.0,3642,5.7197723
TGTGGCGAGATTCGAA-11,Sample11,SW113,COVID-19,mild,0.28750000000000014,11597.0,3005,8.795379
TTACCATTCTGTGCAA-11,Sample11,SW113,COVID-19,mild,0.28750000000000014,27452.0,4668,8.072272
TTAGGGTAGCGACAGT-11,Sample11,SW113,COVID-19,mild,0.3821138211382112,17502.0,4051,5.9364643
TTCAATCGTTAAACCC-11,Sample11,SW113,COVID-19,mild,0.3821138211382112,15120.0,3614,8.544973
TTCTTGACAATGTTGC-11,Sample11,SW113,COVID-19,mild,0.32862190812720876,32754.0,5417,5.809977
AACCAACGTATCAAGA-12,Sample12,SW114,COVID-19,mild,0.3425605536332178,13945.0,3573,5.371101
AATCGACTCTTGATTC-12,Sample12,SW114,COVID-19,mild,0.46976744186046526,18136.0,4131,3.1704895
AATGGCTCATTGCAAC-12,Sample12,SW114,COVID-19,mild,0.3968253968253968,9559.0,2191,5.7746625
ACATCCCTCGCTAAAC-12,Sample12,SW114,COVID-19,mild,0.3425605536332178,19779.0,4636,4.7221804
ACCACAATCAGGGTAG-12,Sample12,SW114,COVID-19,mild,0.3425605536332178,4047.0,1409,6.646899
ACCTGAAGTCGTGCCA-12,Sample12,SW114,COVID-19,mild,0.3425605536332178,7895.0,2579,8.435719
ACGTACAGTTCCATTT-12,Sample12,SW114,COVID-19,mild,0.3425605536332178,14136.0,3863,5.8503113
ACTTATCTCAAAGAAC-12,Sample12,SW114,COVID-19,mild,0.3425605536332178,16672.0,3930,6.1180425
AGACAAACAGTGTGCC-12,Sample12,SW114,COVID-19,mild,0.3006134969325151,15332.0,3819,7.950691
AGCCAGCCAGATTCGT-12,Sample12,SW114,COVID-19,mild,0.46976744186046526,9338.0,2622,5.2473764
AGGGAGTTCACCGGTG-12,Sample12,SW114,COVID-19,mild,0.3425605536332178,8364.0,2288,6.516021
AGGTTACTCGACGAGA-12,Sample12,SW114,COVID-19,mild,0.46976744186046526,17822.0,4139,6.576142
ATAGGCTTCTGGCCTT-12,Sample12,SW114,COVID-19,mild,0.3425605536332178,6360.0,1960,4.5440254
ATCTCTAGTGCGGATA-12,Sample12,SW114,COVID-19,mild,0.3968253968253968,10724.0,2970,7.562476
CAACGGCAGATTGGGC-12,Sample12,SW114,COVID-19,mild,0.3425605536332178,6162.0,2225,6.962025
CACAGATCAATTTCCT-12,Sample12,SW114,COVID-19,mild,0.3006134969325151,24066.0,5141,9.004404
CCAATGACATCAGCAT-12,Sample12,SW114,COVID-19,mild,0.46976744186046526,13860.0,3775,5.562771
CCTGCATGTGCGAACA-12,Sample12,SW114,COVID-19,mild,0.3425605536332178,9474.0,3045,4.770952
CGATGGCCACCTGCGA-12,Sample12,SW114,COVID-19,mild,0.3006134969325151,10101.0,3143,5.078705
CGCATGGCAGCAGTTT-12,Sample12,SW114,COVID-19,mild,0.3425605536332178,26144.0,5075,3.7063951
CGCCAGAGTAAGTTGA-12,Sample12,SW114,COVID-19,mild,0.3006134969325151,4335.0,1664,4.544406
CGGAGAACAAATGAAC-12,Sample12,SW114,COVID-19,mild,0.46976744186046526,10067.0,2976,6.2481375
CGGGACTCACAACATC-12,Sample12,SW114,COVID-19,mild,0.3968253968253968,11302.0,2935,6.8483458
CTCAAGACAAGAAATC-12,Sample12,SW114,COVID-19,mild,0.3968253968253968,3665.0,1367,8.45839
CTCTCGATCCTTCAGC-12,Sample12,SW114,COVID-19,mild,0.46976744186046526,5984.0,2147,7.486631
CTGAGCGCAGCAGTTT-12,Sample12,SW114,COVID-19,mild,0.3425605536332178,9569.0,2803,3.9920576
CTGATCCTCCACGTGG-12,Sample12,SW114,COVID-19,mild,0.3425605536332178,6227.0,2028,9.828167
CTGTAGATCAGTGGGA-12,Sample12,SW114,COVID-19,mild,0.3006134969325151,17092.0,4040,4.1422887
GATCATGAGCTTAGTC-12,Sample12,SW114,COVID-19,mild,0.3968253968253968,8322.0,2582,4.049507
GATGACTTCACTGTCC-12,Sample12,SW114,COVID-19,mild,0.3006134969325151,7325.0,2386,3.8907847
GATGAGGGTCCCGCAA-12,Sample12,SW114,COVID-19,mild,0.3425605536332178,12289.0,3646,7.885101
GATGATCAGTGACCTT-12,Sample12,SW114,COVID-19,mild,0.3425605536332178,13065.0,3618,3.6050518
GATTGGTTCCCGTTCA-12,Sample12,SW114,COVID-19,mild,0.5730337078651676,5170.0,1882,4.042553
GATTTCTGTTATCCAG-12,Sample12,SW114,COVID-19,mild,0.3425605536332178,14049.0,3896,3.7155669
GCCAACGTCGTCGATA-12,Sample12,SW114,COVID-19,mild,0.3425605536332178,5710.0,1596,3.3450089
GCGAGAAAGTCAACAA-12,Sample12,SW114,COVID-19,mild,0.46976744186046526,13224.0,3033,3.57683
GCTTGGGTCTAACGGT-12,Sample12,SW114,COVID-19,mild,0.3006134969325151,15118.0,3710,4.2664375
GGAATGGAGCGATGGT-12,Sample12,SW114,COVID-19,mild,0.3425605536332178,8922.0,2525,5.402376
GGAGATGAGTAGCCAG-12,Sample12,SW114,COVID-19,mild,0.3425605536332178,16012.0,3838,4.802648
GGCACGTGTAGCACGA-12,Sample12,SW114,COVID-19,mild,0.3425605536332178,1027.0,540,5.93963
GGCTTTCGTCGTGCCA-12,Sample12,SW114,COVID-19,mild,0.3006134969325151,3947.0,1599,6.941982
GGTAACTCACATTCGA-12,Sample12,SW114,COVID-19,mild,0.5730337078651676,11928.0,3059,4.845741
GGTTAACTCAAGTGGG-12,Sample12,SW114,COVID-19,mild,0.3006134969325151,4142.0,1499,6.5185895
GTCTCACAGGTGCTAG-12,Sample12,SW114,COVID-19,mild,0.3968253968253968,9789.0,2843,5.659414
GTGAGTTGTAGGCAAC-12,Sample12,SW114,COVID-19,mild,0.3006134969325151,13570.0,3895,13.979366
GTGTAACTCCTACCAC-12,Sample12,SW114,COVID-19,mild,0.3006134969325151,13022.0,3037,9.414837
GTTAGACTCGTAGTCA-12,Sample12,SW114,COVID-19,mild,0.5730337078651676,7649.0,2457,5.543208
TAACACGCAACCAACT-12,Sample12,SW114,COVID-19,mild,0.3006134969325151,14708.0,4097,4.0794125
TACCGAAGTTGCTCCT-12,Sample12,SW114,COVID-19,mild,0.3968253968253968,25421.0,4969,6.30581
TACTTGTGTGTACAGG-12,Sample12,SW114,COVID-19,mild,0.3425605536332178,5390.0,1755,4.211503
TAGTGCACACGTCGTG-12,Sample12,SW114,COVID-19,mild,0.3968253968253968,18537.0,4180,8.377839
TCAAGACAGGAGCAAA-12,Sample12,SW114,COVID-19,mild,0.46976744186046526,12425.0,3187,6.173038
TCACACCCACAGAGCA-12,Sample12,SW114,COVID-19,mild,0.46976744186046526,10064.0,2778,5.4550877
TCGTGCTTCTCGGGAC-12,Sample12,SW114,COVID-19,mild,0.3006134969325151,31911.0,5422,5.6657577
TCTCAGCAGCCAGTAG-12,Sample12,SW114,COVID-19,mild,0.3006134969325151,11540.0,2537,5.103986
TCTTTGACACTACTTT-12,Sample12,SW114,COVID-19,mild,0.3425605536332178,19650.0,4279,5.6997457
TCTTTGACAGCTGAGA-12,Sample12,SW114,COVID-19,mild,0.46976744186046526,3809.0,1422,10.2651615
TGAATGCAGTGGCGAT-12,Sample12,SW114,COVID-19,mild,0.3425605536332178,15681.0,4096,6.574836
TGACAGTTCATTTCCA-12,Sample12,SW114,COVID-19,mild,0.3425605536332178,18893.0,4238,4.1285133
TGACCCTCACTCTCGT-12,Sample12,SW114,COVID-19,mild,0.3968253968253968,9468.0,2636,3.9712715
TGAGCATTCCTGTTAT-12,Sample12,SW114,COVID-19,mild,0.3006134969325151,3812.0,1511,5.1678905
TGAGTCACAACAGCCC-12,Sample12,SW114,COVID-19,mild,0.3968253968253968,16526.0,3767,5.19787
TGAGTCAGTTAGGAGC-12,Sample12,SW114,COVID-19,mild,0.3006134969325151,5061.0,2039,5.275637
TGCGATATCGTGACTA-12,Sample12,SW114,COVID-19,mild,0.3425605536332178,10484.0,2751,6.352537
TGCTCGTAGAGCTGAC-12,Sample12,SW114,COVID-19,mild,0.3968253968253968,15308.0,3909,4.9385943
TGCTCGTAGTGGCCTC-12,Sample12,SW114,COVID-19,mild,0.3006134969325151,12185.0,3479,4.661469
TGTAGACTCAACACCA-12,Sample12,SW114,COVID-19,mild,0.3968253968253968,11694.0,3230,10.056439
TGTGATGGTCGTGTTA-12,Sample12,SW114,COVID-19,mild,0.3425605536332178,21788.0,4698,6.508169
TGTTGGATCCCAACTC-12,Sample12,SW114,COVID-19,mild,0.3968253968253968,18476.0,4221,6.045681
TTACCGCGTGTCATTG-12,Sample12,SW114,COVID-19,mild,0.3425605536332178,27021.0,5182,3.708227
TTCGGTCCAGGGATAC-12,Sample12,SW114,COVID-19,mild,0.3425605536332178,12126.0,3570,5.5747976
TTCTAACGTCTAATCG-12,Sample12,SW114,COVID-19,mild,0.3425605536332178,12101.0,3058,4.404595
AAAGTGAAGAATTCAG-13,Sample13,SW115,healthy_control,,0.3968253968253968,19279.0,4029,6.0947146
AACGAAATCAATCGGT-13,Sample13,SW115,healthy_control,,0.3006134969325151,11259.0,3235,8.517631
AACGGGAGTCCAGCAC-13,Sample13,SW115,healthy_control,,0.3006134969325151,7121.0,2363,9.9705105
AACTTCTTCCCGAGGT-13,Sample13,SW115,healthy_control,,0.3968253968253968,26939.0,4626,5.631241
AAGAACAAGACTTCCA-13,Sample13,SW115,healthy_control,,0.3425605536332178,8290.0,2577,8.0940895
ACATCGAAGTCGAGGT-13,Sample13,SW115,healthy_control,,0.3968253968253968,18397.0,3945,6.169484
ACCATTTCATGACTAC-13,Sample13,SW115,healthy_control,,0.46976744186046526,17624.0,4032,5.106673
ACGGTCGTCCAACTAG-13,Sample13,SW115,healthy_control,,0.2672176308539946,8513.0,2501,9.444379
ACTATGGAGCTGCGAA-13,Sample13,SW115,healthy_control,,0.46976744186046526,11749.0,3089,11.115839
ACTCTCGCACCACATA-13,Sample13,SW115,healthy_control,,0.3968253968253968,12599.0,3363,7.357727
ACTGTGAGTGTCTTCC-13,Sample13,SW115,healthy_control,,0.2672176308539946,3615.0,1386,11.562932
ACTTTCAGTGTTCATG-13,Sample13,SW115,healthy_control,,0.2672176308539946,7314.0,2222,12.523927
AGAAGCGGTCTGGTTA-13,Sample13,SW115,healthy_control,,0.3006134969325151,12027.0,2918,4.1240544
AGACCATTCCAAATGC-13,Sample13,SW115,healthy_control,,0.3425605536332178,17609.0,3995,8.137884
AGGGTTTTCTTCCAGC-13,Sample13,SW115,healthy_control,,0.3425605536332178,7244.0,2362,8.683048
AGGTCTACATGAGTAA-13,Sample13,SW115,healthy_control,,0.3006134969325151,15264.0,3538,12.06761
ATACCGAAGGCACTAG-13,Sample13,SW115,healthy_control,,0.3006134969325151,18939.0,3867,7.2865515
ATAGAGAAGTCCCGAC-13,Sample13,SW115,healthy_control,,0.5730337078651676,21520.0,4501,7.3745356
ATCCTATCAAACGAGC-13,Sample13,SW115,healthy_control,,0.3006134969325151,9267.0,2876,7.089673
ATCGCCTCAAAGGAGA-13,Sample13,SW115,healthy_control,,0.3425605536332178,12916.0,3111,6.975844
ATCGTAGTCAAGCCGC-13,Sample13,SW115,healthy_control,,0.3425605536332178,6287.0,2236,10.704628
ATCGTCCTCGCCACTT-13,Sample13,SW115,healthy_control,,0.3425605536332178,1614.0,879,8.983891
ATGCATGAGCTAGAGC-13,Sample13,SW115,healthy_control,,0.46976744186046526,13400.0,3365,6.8731346
ATGCGATCAGTCGCAC-13,Sample13,SW115,healthy_control,,0.46976744186046526,7518.0,2570,6.610801
ATTCTACAGTGCCAGA-13,Sample13,SW115,healthy_control,,0.46976744186046526,12160.0,3293,5.1726975
CAACAGTGTCTGTAGT-13,Sample13,SW115,healthy_control,,0.46976744186046526,14142.0,3287,9.079338
CCAAGCGTCTGTTCAT-13,Sample13,SW115,healthy_control,,0.3968253968253968,18869.0,4147,6.635222
CCACTTGCACCACTGG-13,Sample13,SW115,healthy_control,,0.46976744186046526,10965.0,2858,5.5266757
CCCATTGTCACTGCTC-13,Sample13,SW115,healthy_control,,0.3968253968253968,10391.0,2463,6.794341
CCTCCAACACAATGCT-13,Sample13,SW115,healthy_control,,0.5730337078651676,11247.0,3063,5.610385
CCTGTTGGTTGTCATG-13,Sample13,SW115,healthy_control,,0.3425605536332178,13810.0,2898,6.321506
CGAAGGAAGTTAACGA-13,Sample13,SW115,healthy_control,,0.46976744186046526,15341.0,3683,6.8248487
CGAGAAGTCAAGTGTC-13,Sample13,SW115,healthy_control,,0.3968253968253968,16005.0,3265,6.1043425
CGAGTGCAGCGGACAT-13,Sample13,SW115,healthy_control,,0.3968253968253968,9738.0,2774,7.1986036
CGAGTTAGTGGTAATA-13,Sample13,SW115,healthy_control,,0.3425605536332178,12125.0,2995,7.3072166
CGATCGGAGCTGCCAC-13,Sample13,SW115,healthy_control,,0.3006134969325151,8573.0,2449,11.057973
CGCAGGTCATGTGGCC-13,Sample13,SW115,healthy_control,,0.3425605536332178,10711.0,2837,5.9751654
CGGGTCAAGGCCTAAG-13,Sample13,SW115,healthy_control,,0.3425605536332178,12745.0,3163,9.650844
CGTGTCTCATCCTTGC-13,Sample13,SW115,healthy_control,,0.3425605536332178,7847.0,2500,6.945329
CTACATTGTACCGCGT-13,Sample13,SW115,healthy_control,,0.3006134969325151,10559.0,2891,6.3452983
CTATAGGTCACTGTTT-13,Sample13,SW115,healthy_control,,0.46976744186046526,17774.0,3771,4.782266
CTATCTAGTCACTCGG-13,Sample13,SW115,healthy_control,,0.3006134969325151,5923.0,1229,4.0182343
CTCACTGGTACAATAG-13,Sample13,SW115,healthy_control,,0.3425605536332178,15152.0,3551,6.8505807
CTGTACCCAACCGCTG-13,Sample13,SW115,healthy_control,,0.46976744186046526,8963.0,2747,13.154078
CTGTACCCATCCTTCG-13,Sample13,SW115,healthy_control,,0.2672176308539946,1364.0,737,8.211144
CTGTATTGTAAGGAGA-13,Sample13,SW115,healthy_control,,0.2672176308539946,8925.0,2436,7.0140057
CTTCTCTTCTGGAGAG-13,Sample13,SW115,healthy_control,,0.46976744186046526,16061.0,3408,8.199987
CTTGATTTCCGTGGTG-13,Sample13,SW115,healthy_control,,0.5730337078651676,20449.0,4160,6.2496943
GAAATGATCGTGGTAT-13,Sample13,SW115,healthy_control,,0.3425605536332178,11277.0,2686,8.317815
GAATCACCATGTGTCA-13,Sample13,SW115,healthy_control,,0.3425605536332178,17966.0,4195,4.84248
GACCAATTCTCGCAGG-13,Sample13,SW115,healthy_control,,0.3006134969325151,12190.0,3303,7.0631666
GACTCTCTCCATCAGA-13,Sample13,SW115,healthy_control,,0.2672176308539946,10336.0,2973,10.710139
GACTGATCAGCAGTTT-13,Sample13,SW115,healthy_control,,0.46976744186046526,11714.0,3423,6.7526035
GACTTCCCAGATACTC-13,Sample13,SW115,healthy_control,,0.3968253968253968,20094.0,4447,8.649347
GACTTCCTCGAACGCC-13,Sample13,SW115,healthy_control,,0.3968253968253968,10178.0,2990,8.370996
GATCCCTCACAACCGC-13,Sample13,SW115,healthy_control,,0.3006134969325151,12230.0,3273,5.960752
GATTCTTGTCTCTCTG-13,Sample13,SW115,healthy_control,,0.3006134969325151,17293.0,4156,6.4881744
GCCGATGGTATGCTAC-13,Sample13,SW115,healthy_control,,0.3006134969325151,3350.0,1223,8.686567
GCCGTGATCAGCAGAG-13,Sample13,SW115,healthy_control,,0.3968253968253968,6926.0,2138,11.478487
GCGATCGGTCTCAGGC-13,Sample13,SW115,healthy_control,,0.3968253968253968,14872.0,3285,6.771114
GCGTGCATCTCTGCCA-13,Sample13,SW115,healthy_control,,0.3006134969325151,14626.0,3421,7.8285246
GCTGCAGGTGGAGGTT-13,Sample13,SW115,healthy_control,,0.3006134969325151,21643.0,4383,7.087742
GCTTTCGTCAACACGT-13,Sample13,SW115,healthy_control,,0.3968253968253968,12383.0,3181,6.8642497
GGCAGTCGTCATCCCT-13,Sample13,SW115,healthy_control,,0.46976744186046526,25312.0,4806,7.5023704
GGCTGTGGTCAAGTTC-13,Sample13,SW115,healthy_control,,0.46976744186046526,17194.0,4276,6.287077
GGGATCCAGCATGAAT-13,Sample13,SW115,healthy_control,,0.5730337078651676,8869.0,2725,7.103394
GGGCTCACAGCGCTTG-13,Sample13,SW115,healthy_control,,0.46976744186046526,15289.0,3634,6.6845446
GGGTTATAGGACAGTC-13,Sample13,SW115,healthy_control,,0.46976744186046526,9938.0,2646,8.1404705
GGTCACGCACTCAGAT-13,Sample13,SW115,healthy_control,,0.3968253968253968,11352.0,2923,5.796335
GGTGTTACATATCGGT-13,Sample13,SW115,healthy_control,,0.5730337078651676,15202.0,3767,6.7754245
GTCATCCAGTGCCAGA-13,Sample13,SW115,healthy_control,,0.2672176308539946,8696.0,2409,5.956762
GTCGTTCTCCTGATAG-13,Sample13,SW115,healthy_control,,0.46976744186046526,12787.0,3574,5.8966136
GTTACGATCAACACCA-13,Sample13,SW115,healthy_control,,0.46976744186046526,11924.0,3491,7.4052334
TAAGCACCACCCTATC-13,Sample13,SW115,healthy_control,,0.2672176308539946,16138.0,3910,6.3204856
TACAGGTTCGAACCAT-13,Sample13,SW115,healthy_control,,0.3425605536332178,9612.0,2976,7.0016646
TACCGAATCTTCTTCC-13,Sample13,SW115,healthy_control,,0.3006134969325151,19355.0,4331,7.6104364
TAGACTGAGTTCACTG-13,Sample13,SW115,healthy_control,,0.3425605536332178,17355.0,4013,5.7101703
TATGTTCTCGAGAGCA-13,Sample13,SW115,healthy_control,,0.3968253968253968,9764.0,2552,8.869316
TCATACTCATATGAAG-13,Sample13,SW115,healthy_control,,0.46976744186046526,17321.0,4090,6.1428323
TCATCATGTGAGTTTC-13,Sample13,SW115,healthy_control,,0.3968253968253968,17531.0,3956,4.6432033
TCATGCCGTTCAGCTA-13,Sample13,SW115,healthy_control,,0.5730337078651676,15647.0,3814,4.716559
TCCACCACACGTGTGC-13,Sample13,SW115,healthy_control,,0.3425605536332178,508.0,313,5.708661
TCGACCTGTGAGTAGC-13,Sample13,SW115,healthy_control,,0.5730337078651676,10233.0,3253,7.153328
TCGACGGAGTTCGCAT-13,Sample13,SW115,healthy_control,,0.46976744186046526,10050.0,2905,7.482587
TCGTAGACACTCCGGA-13,Sample13,SW115,healthy_control,,0.3425605536332178,19950.0,4143,12.716792
TCTACCGCAGTCGCTG-13,Sample13,SW115,healthy_control,,0.2672176308539946,4766.0,1753,5.245489
TCTGCCACACAGCTGC-13,Sample13,SW115,healthy_control,,0.3425605536332178,10319.0,2815,6.764221
TCTTGCGGTCTAGATC-13,Sample13,SW115,healthy_control,,0.3968253968253968,18241.0,4319,9.308701
TGACAGTAGGTGCCTC-13,Sample13,SW115,healthy_control,,0.3425605536332178,14859.0,3917,6.1107745
TGATTTCAGATTGTGA-13,Sample13,SW115,healthy_control,,0.3968253968253968,13980.0,3380,7.4248924
TGCGGCACAGTTTCGA-13,Sample13,SW115,healthy_control,,0.3425605536332178,13485.0,3041,8.164627
TGCTGAAAGCCTGTGC-13,Sample13,SW115,healthy_control,,0.3006134969325151,9795.0,2427,9.218989
TGGAACTGTCTTAGTG-13,Sample13,SW115,healthy_control,,0.3425605536332178,10463.0,2635,7.588646
TGGCGTGGTCAACGCC-13,Sample13,SW115,healthy_control,,0.2672176308539946,9735.0,2727,7.745249
TGTCCCAAGTGGGAAA-13,Sample13,SW115,healthy_control,,0.3425605536332178,14540.0,3628,7.8541956
TGTCCTGGTAGCCCTG-13,Sample13,SW115,healthy_control,,0.3425605536332178,6544.0,2296,5.99022
TGTGGCGAGCCTGAGA-13,Sample13,SW115,healthy_control,,0.3425605536332178,10293.0,2772,9.530749
TGTTCATAGTCTGCAT-13,Sample13,SW115,healthy_control,,0.3968253968253968,14719.0,3474,5.978667
TGTTGAGTCTTGTGCC-13,Sample13,SW115,healthy_control,,0.5730337078651676,10974.0,2857,5.8957534
TTACGCCTCCTCTCGA-13,Sample13,SW115,healthy_control,,0.3006134969325151,12366.0,3290,5.91137
TTACGTTGTCGGTACC-13,Sample13,SW115,healthy_control,,0.3425605536332178,15631.0,3602,6.538289
TTCACCGAGAGTCCGA-13,Sample13,SW115,healthy_control,,0.3425605536332178,14877.0,3220,5.8412313
TTCCACGTCGGACCAC-13,Sample13,SW115,healthy_control,,0.46976744186046526,15893.0,3437,6.7262316
TTCCTAATCTGAATGC-13,Sample13,SW115,healthy_control,,0.3006134969325151,12008.0,3270,7.6615586
TTCTCTCAGTAGCATA-13,Sample13,SW115,healthy_control,,0.46976744186046526,4740.0,1884,8.628692
TTGACCCAGGTTGCCC-13,Sample13,SW115,healthy_control,,0.5730337078651676,20354.0,4250,5.517343
TTTCAGTAGTCTGCAT-13,Sample13,SW115,healthy_control,,0.3425605536332178,17282.0,4136,6.6716814
ACCACAAAGTCTCCTC-14,Sample14,SW116,healthy_control,,0.5730337078651676,12427.0,3362,7.145731
ACGATCAGTATACCTG-14,Sample14,SW116,healthy_control,,0.5730337078651676,2488.0,1075,11.414791
CACAGATTCACTCCGT-14,Sample14,SW116,healthy_control,,0.5730337078651676,1288.0,679,5.5124226
CACTAAGAGACTGGGT-14,Sample14,SW116,healthy_control,,0.5730337078651676,10300.0,3095,6.466019
CCGAACGTCTCAGAAC-14,Sample14,SW116,healthy_control,,0.5730337078651676,11445.0,3318,8.082132
CCTGTTGTCAACGTGT-14,Sample14,SW116,healthy_control,,0.5730337078651676,2805.0,1123,9.554367
GTTCTATTCGTCCTCA-14,Sample14,SW116,healthy_control,,0.5730337078651676,7485.0,2581,12.919171
TCCTAATGTCTAGGTT-14,Sample14,SW116,healthy_control,,0.5730337078651676,13782.0,3289,6.4649544
TGATTCTCAACGGTAG-14,Sample14,SW116,healthy_control,,0.5730337078651676,1615.0,871,5.4489164
AAGTCGTTCGTCCATC-15,Sample15,SW117,COVID-19,severe,0.4285714285714284,7716.0,2327,7.3354073
ACGATGTTCACTTGTT-15,Sample15,SW117,COVID-19,severe,0.4285714285714284,6143.0,2099,5.013837
AGGATCTGTGCTATTG-15,Sample15,SW117,COVID-19,severe,0.32941176470588224,4859.0,1452,6.8121014
AGGGTCCTCATTTGTC-15,Sample15,SW117,COVID-19,severe,0.32941176470588224,16268.0,3430,6.9277105
ATTCCATTCACGGAGA-15,Sample15,SW117,COVID-19,severe,0.4285714285714284,6070.0,2010,4.217463
CGATGCGAGAGATTCA-15,Sample15,SW117,COVID-19,severe,0.32941176470588224,11308.0,2792,5.217545
CTGCCATCATCTATCT-15,Sample15,SW117,COVID-19,severe,0.4285714285714284,20996.0,4030,5.6058297
GCACATAAGGCTCCCA-15,Sample15,SW117,COVID-19,severe,0.32941176470588224,312.0,239,7.692308
GTCTCACAGTATGATG-15,Sample15,SW117,COVID-19,severe,0.4285714285714284,5359.0,1753,7.613361
GTGGAAGTCGCACGGT-15,Sample15,SW117,COVID-19,severe,0.32941176470588224,4861.0,1530,10.080231
TATACCTCAACAAAGT-15,Sample15,SW117,COVID-19,severe,0.32941176470588224,2384.0,748,11.70302
TATCAGGAGGAACATT-15,Sample15,SW117,COVID-19,severe,0.32941176470588224,1869.0,920,11.931514
TGCAGATCAGGCGTTC-15,Sample15,SW117,COVID-19,severe,0.4285714285714284,8880.0,2464,11.204955
TGCGACGTCATTACGG-15,Sample15,SW117,COVID-19,severe,0.32941176470588224,34667.0,5236,7.9008856
TTGGATGAGTCGAAGC-15,Sample15,SW117,COVID-19,severe,0.4285714285714284,6031.0,1681,4.5929365
TTTATGCAGCTTACGT-15,Sample15,SW117,COVID-19,severe,0.32941176470588224,22381.0,4543,8.109557
CGGTCAGTCTTACGGA-16,Sample16,SW118,COVID-19,severe,0.46478873239436586,5211.0,1937,8.443677
CTTTCGGAGAATCGCG-16,Sample16,SW118,COVID-19,severe,0.46478873239436586,17403.0,2875,5.884043
GAAATGAGTCGTCAGC-16,Sample16,SW118,COVID-19,severe,0.36312849162011185,3095.0,933,14.345719
GCAGCCATCAATGTCG-16,Sample16,SW118,COVID-19,severe,0.46478873239436586,6643.0,1664,9.483666
GGGACAACAGTTTCAG-16,Sample16,SW118,COVID-19,severe,0.46478873239436586,11492.0,2929,5.2123213
TGCGGCAAGGTAGCAC-16,Sample16,SW118,COVID-19,severe,0.46478873239436586,7509.0,2197,10.1611395
TGGGAAGTCCATCCGT-16,Sample16,SW118,COVID-19,severe,0.36312849162011185,2996.0,1198,4.7730308
ACGGAAGCAACTCCCT-17,Sample17,SW119,COVID-19,severe,0.2549019607843137,2780.0,1198,10.467627
ACTGATGAGAACAAGG-17,Sample17,SW119,COVID-19,severe,0.21161825726141079,25361.0,4653,4.495091
AGCGCTGTCATAAGGA-17,Sample17,SW119,COVID-19,severe,0.3173652694610778,10504.0,2998,6.9116526
AGTAACCGTAACTGCT-17,Sample17,SW119,COVID-19,severe,0.4153846153846153,3814.0,1609,6.554798
ATACCGATCAAGGAGC-17,Sample17,SW119,COVID-19,severe,0.21161825726141079,21258.0,4301,2.0698092
ATAGAGACAGGCTACC-17,Sample17,SW119,COVID-19,severe,0.3173652694610778,385.0,228,1.8181818
ATCGTGAGTGCCAAGA-17,Sample17,SW119,COVID-19,severe,0.4153846153846153,7329.0,2318,3.6703508
ATGATCGTCTATCGTT-17,Sample17,SW119,COVID-19,severe,0.2549019607843137,2245.0,990,11.224944
ATTCGTTAGGTAAACT-17,Sample17,SW119,COVID-19,severe,0.3173652694610778,11374.0,2901,3.9915595
CTCCTCCGTTAAGGGC-17,Sample17,SW119,COVID-19,severe,0.2549019607843137,3369.0,1629,6.262986
CTGCAGGGTATCTCGA-17,Sample17,SW119,COVID-19,severe,0.2549019607843137,7440.0,2375,7.9569893
GAAGTAAGTGCCCTTT-17,Sample17,SW119,COVID-19,severe,0.3173652694610778,14775.0,3902,2.1184433
GAGTGAGTCGGAGTGA-17,Sample17,SW119,COVID-19,severe,0.21161825726141079,1104.0,660,7.2463765
GCGGAAACAAGTCCCG-17,Sample17,SW119,COVID-19,severe,0.3173652694610778,6589.0,2197,2.792533
GGTAGAGTCCTCACGT-17,Sample17,SW119,COVID-19,severe,0.4153846153846153,9563.0,2865,3.9109066
GGTCTGGTCCGTCAAA-17,Sample17,SW119,COVID-19,severe,0.2549019607843137,5048.0,2021,4.912837
GTCGAATAGGCCATAG-17,Sample17,SW119,COVID-19,severe,0.2549019607843137,2988.0,1522,6.5261045
GTCTAGATCTCGCTCA-17,Sample17,SW119,COVID-19,severe,0.4153846153846153,2193.0,847,9.119927
TACAACGGTATACAGA-17,Sample17,SW119,COVID-19,severe,0.4153846153846153,26374.0,5087,2.8247516
TACCGAAAGCGACTGA-17,Sample17,SW119,COVID-19,severe,0.3173652694610778,5979.0,2265,3.261415
TACTTGTGTGCAGGAT-17,Sample17,SW119,COVID-19,severe,0.3173652694610778,11294.0,3204,5.2948465
TCATGGAGTAGGTAGC-17,Sample17,SW119,COVID-19,severe,0.4153846153846153,1935.0,692,14.4702835
TGCACGGGTTTGAAAG-17,Sample17,SW119,COVID-19,severe,0.21161825726141079,3652.0,1440,6.5717416
TGGGCGTGTCGCGTTG-17,Sample17,SW119,COVID-19,severe,0.3173652694610778,893.0,530,7.7267637
AACCTTTTCACAGAGG-18,Sample18,SW120,COVID-19,mild,0.3504273504273503,8763.0,2469,10.30469
AAGCATCCATTCATCT-18,Sample18,SW120,COVID-19,mild,0.2988929889298893,14771.0,3607,6.7700224
AAGGTAAGTCTTCATT-18,Sample18,SW120,COVID-19,mild,0.2988929889298893,9011.0,2521,7.424259
ACATCCCCACCCTTGT-18,Sample18,SW120,COVID-19,mild,0.4213197969543152,7011.0,2126,9.099986
AGAGAATAGTTACTCG-18,Sample18,SW120,COVID-19,mild,0.3504273504273503,21913.0,4377,6.649021
AGCGATTCACAGAGAC-18,Sample18,SW120,COVID-19,mild,0.2988929889298893,5825.0,2189,3.1072962
AGGGAGTGTTAACAGA-18,Sample18,SW120,COVID-19,mild,0.3504273504273503,13131.0,3340,5.003427
AGGGTCCTCATCACAG-18,Sample18,SW120,COVID-19,mild,0.3504273504273503,19090.0,3987,4.908329
AGGTGTTTCTTGTTAC-18,Sample18,SW120,COVID-19,mild,0.2988929889298893,10856.0,2685,9.616802
ATAGACCCAAGTTGGG-18,Sample18,SW120,COVID-19,mild,0.3504273504273503,3902.0,1487,8.8416195
ATATCCTCACAACCGC-18,Sample18,SW120,COVID-19,mild,0.524999999999999,14682.0,3616,5.244517
ATCCTATTCCCGAACG-18,Sample18,SW120,COVID-19,mild,0.2988929889298893,25474.0,4668,5.550758
ATCTCTAAGTCATGCT-18,Sample18,SW120,COVID-19,mild,0.3504273504273503,5855.0,1799,6.951324
ATGTCTTTCACTGAAC-18,Sample18,SW120,COVID-19,mild,0.2988929889298893,9338.0,2574,12.797173
ATTCCATCATCCGAAT-18,Sample18,SW120,COVID-19,mild,0.4213197969543152,19351.0,4298,4.8214564
ATTCCTACAGGTAGTG-18,Sample18,SW120,COVID-19,mild,0.4213197969543152,10930.0,2696,5.8554435
ATTCGTTAGGTCCCTG-18,Sample18,SW120,COVID-19,mild,0.4213197969543152,19819.0,4242,3.7691104
CAACAACCACCGGAAA-18,Sample18,SW120,COVID-19,mild,0.3504273504273503,24542.0,5028,5.2766685
CAACGGCGTCGGTGTC-18,Sample18,SW120,COVID-19,mild,0.524999999999999,8961.0,2168,9.2512
CAATGACTCAAACTGC-18,Sample18,SW120,COVID-19,mild,0.2988929889298893,15457.0,4011,4.4834056
CACAGGCAGTAACCTC-18,Sample18,SW120,COVID-19,mild,0.524999999999999,7439.0,2245,4.973787
CACTTCGGTGCCTAAT-18,Sample18,SW120,COVID-19,mild,0.4213197969543152,8328.0,2471,4.9951973
CAGAGCCTCTCGCAGG-18,Sample18,SW120,COVID-19,mild,0.4213197969543152,16254.0,3757,7.3520365
CAGATCAAGTTGGCTT-18,Sample18,SW120,COVID-19,mild,0.524999999999999,12171.0,3356,4.0013146
CATAGACGTCTGATAC-18,Sample18,SW120,COVID-19,mild,0.2988929889298893,14431.0,3514,11.579239
CATGAGTGTCCAGAAG-18,Sample18,SW120,COVID-19,mild,0.524999999999999,16413.0,3553,4.8315363
CCATAAGCATGGCCCA-18,Sample18,SW120,COVID-19,mild,0.2988929889298893,5358.0,2062,8.025382
CCTCAGTTCTCCCAAC-18,Sample18,SW120,COVID-19,mild,0.3504273504273503,9036.0,2622,4.9468794
CGATGGCAGAGAGCAA-18,Sample18,SW120,COVID-19,mild,0.4213197969543152,5902.0,1764,5.5913253
CGGGTCAGTTGGACTT-18,Sample18,SW120,COVID-19,mild,0.4213197969543152,19082.0,3945,7.583062
CTAAGTGAGACGGATC-18,Sample18,SW120,COVID-19,mild,0.4213197969543152,13061.0,3273,5.076181
CTACCTGTCGCTCTCA-18,Sample18,SW120,COVID-19,mild,0.524999999999999,4303.0,1761,3.0908668
CTCATGCCAGTATTCG-18,Sample18,SW120,COVID-19,mild,0.3504273504273503,22734.0,4514,4.816574
CTGCCATGTAGTAAGT-18,Sample18,SW120,COVID-19,mild,0.524999999999999,13337.0,3047,7.812852
CTGGCAGAGAGTGACC-18,Sample18,SW120,COVID-19,mild,0.3504273504273503,9407.0,2924,6.356968
CTTGATTGTGACAGCA-18,Sample18,SW120,COVID-19,mild,0.2988929889298893,16382.0,3970,4.749115
CTTTCGGGTCGCATCG-18,Sample18,SW120,COVID-19,mild,0.3504273504273503,11888.0,3158,4.1890984
GAGATGGTCCCTCATG-18,Sample18,SW120,COVID-19,mild,0.4213197969543152,357.0,233,10.364146
GCAGCCAGTGCAGTGA-18,Sample18,SW120,COVID-19,mild,0.2988929889298893,5868.0,2222,3.391275
GCGTGCAAGAAGCGAA-18,Sample18,SW120,COVID-19,mild,0.3504273504273503,15320.0,3565,4.745431
GCTGAATGTTGTTGCA-18,Sample18,SW120,COVID-19,mild,0.3504273504273503,10245.0,2879,7.213275
GGGAGATGTATTCCGA-18,Sample18,SW120,COVID-19,mild,0.4213197969543152,4692.0,1776,8.418585
GGGATGAAGAGACAAG-18,Sample18,SW120,COVID-19,mild,0.3504273504273503,13946.0,3030,6.446293
GGGATGACACATACGT-18,Sample18,SW120,COVID-19,mild,0.4213197969543152,10957.0,2917,6.698914
GGGCTCAGTCACCGCA-18,Sample18,SW120,COVID-19,mild,0.2988929889298893,20986.0,4280,5.146288
GGTGTCGCACGTTCGG-18,Sample18,SW120,COVID-19,mild,0.2988929889298893,24312.0,4435,6.1286607
GTAATCGAGAGGACTC-18,Sample18,SW120,COVID-19,mild,0.3504273504273503,24775.0,4831,6.2280526
GTAGGTTGTAGCTTTG-18,Sample18,SW120,COVID-19,mild,0.4213197969543152,7449.0,2078,5.1550546
GTATTTCAGGATATAC-18,Sample18,SW120,COVID-19,mild,0.4213197969543152,8931.0,2384,4.489979
GTCCCATGTACCGTCG-18,Sample18,SW120,COVID-19,mild,0.2988929889298893,720.0,369,5.8333335
GTCCTCACAATGGGTG-18,Sample18,SW120,COVID-19,mild,0.4213197969543152,18936.0,4061,5.397127
GTGCTGGAGAACGCGT-18,Sample18,SW120,COVID-19,mild,0.2988929889298893,3128.0,1324,7.4808187
GTTCGCTCATTCAGCA-18,Sample18,SW120,COVID-19,mild,0.4213197969543152,20939.0,4268,5.2820096
TAAGCCAAGCGTCTGC-18,Sample18,SW120,COVID-19,mild,0.3504273504273503,12240.0,3020,4.8447714
TAGATCGAGTCCCTAA-18,Sample18,SW120,COVID-19,mild,0.3504273504273503,16797.0,3767,7.3644104
TAGGAGGAGTGAGTTA-18,Sample18,SW120,COVID-19,mild,0.2988929889298893,4494.0,1837,6.1192703
TCATGAGTCGTAACTG-18,Sample18,SW120,COVID-19,mild,0.2988929889298893,5617.0,2184,3.453801
TCATGTTGTGGCGCTT-18,Sample18,SW120,COVID-19,mild,0.524999999999999,7269.0,1851,6.3282433
TCATTTGAGTTTAGGA-18,Sample18,SW120,COVID-19,mild,0.2988929889298893,9883.0,2524,9.561874
TCGTAGACATACAGCT-18,Sample18,SW120,COVID-19,mild,0.2988929889298893,11920.0,2982,6.3003354
TCTATACTCTATTGTC-18,Sample18,SW120,COVID-19,mild,0.4213197969543152,17168.0,3713,4.43849
TCTCTGGCAAGGACAC-18,Sample18,SW120,COVID-19,mild,0.4213197969543152,12088.0,3048,6.585043
TGATCAGCAAGTATAG-18,Sample18,SW120,COVID-19,mild,0.3504273504273503,17077.0,3761,5.211688
TGCGATAAGTCGAATA-18,Sample18,SW120,COVID-19,mild,0.2988929889298893,10082.0,2292,5.80242
TGGAACTGTTTCGTTT-18,Sample18,SW120,COVID-19,mild,0.4213197969543152,15701.0,3642,5.8913445
TGGATCATCACCTGGG-18,Sample18,SW120,COVID-19,mild,0.3504273504273503,6827.0,2234,6.2692256
TGGCGTGCACTCCGAG-18,Sample18,SW120,COVID-19,mild,0.4213197969543152,7211.0,2133,9.7351265
TTCAATCTCTGTGCGG-18,Sample18,SW120,COVID-19,mild,0.524999999999999,24945.0,4501,6.037282
TTCCTAAAGGCGAAGG-18,Sample18,SW120,COVID-19,mild,0.3504273504273503,16355.0,3700,4.964843
TTCGATTGTCTACTGA-18,Sample18,SW120,COVID-19,mild,0.2988929889298893,6620.0,2266,7.507553
TTGGGCGAGCACTGGA-18,Sample18,SW120,COVID-19,mild,0.2988929889298893,23445.0,4312,5.822137
AAACCCAGTCGTGATT-19,Sample19,SW121,healthy_control,,0.2549019607843137,19076.0,4478,7.4648776
AAGACAACACAAATAG-19,Sample19,SW121,healthy_control,,0.28750000000000014,21384.0,4720,8.501683
AAGCATCTCGTGGAAG-19,Sample19,SW121,healthy_control,,0.5581395348837199,11850.0,2837,8.548524
AAGCCATCATCGGAAG-19,Sample19,SW121,healthy_control,,0.45454545454545453,14525.0,3688,7.8829603
AAGGAATTCCGCTGTT-19,Sample19,SW121,healthy_control,,0.45454545454545453,5230.0,2190,7.2848945
AAGTCGTCACAAGTTC-19,Sample19,SW121,healthy_control,,0.45454545454545453,12775.0,3268,12.516634
AATCGTGAGGGTCAAC-19,Sample19,SW121,healthy_control,,0.5581395348837199,11533.0,3068,6.156247
ACAAAGACATAGGCGA-19,Sample19,SW121,healthy_control,,0.3821138211382112,11209.0,3260,6.5750732
ACCAAACTCACTCGAA-19,Sample19,SW121,healthy_control,,0.32862190812720876,21288.0,4592,8.403795
ACCTGAACAGACTCTA-19,Sample19,SW121,healthy_control,,0.2549019607843137,6483.0,2088,7.974703
ACGGGTCAGTAAACAC-19,Sample19,SW121,healthy_control,,0.3821138211382112,18834.0,4103,6.9448867
ACTCTCGGTAATACCC-19,Sample19,SW121,healthy_control,,0.3821138211382112,8562.0,2794,9.296893
ACTGTCCTCTGTCTCG-19,Sample19,SW121,healthy_control,,0.45454545454545453,25855.0,5296,8.083543
ACTTCCGCAACCACGC-19,Sample19,SW121,healthy_control,,0.5581395348837199,43230.0,6367,6.59727
ACTTCGCTCTGCACCT-19,Sample19,SW121,healthy_control,,0.3821138211382112,8189.0,2943,8.816706
AGACTCATCCTTCGAC-19,Sample19,SW121,healthy_control,,0.3821138211382112,23370.0,4967,5.314506
AGAGCAGCACAGTCCG-19,Sample19,SW121,healthy_control,,0.32862190812720876,5344.0,2157,14.0344305
AGCGATTAGATTGATG-19,Sample19,SW121,healthy_control,,0.5581395348837199,18482.0,4401,6.687588
AGCGATTTCTAGTGTG-19,Sample19,SW121,healthy_control,,0.28750000000000014,17265.0,4082,10.91225
AGCTTCCAGGTACCTT-19,Sample19,SW121,healthy_control,,0.3821138211382112,18060.0,4379,6.5060906
AGGGTGAAGTGGATAT-19,Sample19,SW121,healthy_control,,0.2549019607843137,9010.0,2170,9.689234
AGTTAGCCAGTAACCT-19,Sample19,SW121,healthy_control,,0.28750000000000014,15584.0,4114,6.243583
ATCCGTCTCGGTTGTA-19,Sample19,SW121,healthy_control,,0.3821138211382112,12548.0,3317,9.164807
ATCGATGTCTGACAGT-19,Sample19,SW121,healthy_control,,0.45454545454545453,20109.0,4618,4.962952
ATTTACCCACTGAATC-19,Sample19,SW121,healthy_control,,0.3821138211382112,13893.0,3834,6.8667674
CAACGGCGTACAGCGA-19,Sample19,SW121,healthy_control,,0.45454545454545453,19120.0,4443,7.1338916
CATTTCAGTCCACAGC-19,Sample19,SW121,healthy_control,,0.3821138211382112,17025.0,4307,6.637298
CCACACTGTTCGCGTG-19,Sample19,SW121,healthy_control,,0.2549019607843137,6206.0,2214,9.313568
CCACGTTGTTATGTCG-19,Sample19,SW121,healthy_control,,0.3821138211382112,4585.0,1508,6.8484187
CCACTTGGTCTAATCG-19,Sample19,SW121,healthy_control,,0.32862190812720876,16014.0,4132,5.345323
CCCGAAGGTGATCATC-19,Sample19,SW121,healthy_control,,0.3821138211382112,26269.0,5180,7.7467737
CCCGGAAAGCACTAAA-19,Sample19,SW121,healthy_control,,0.45454545454545453,22908.0,4730,6.124498
CCCTCAAAGGTCCCTG-19,Sample19,SW121,healthy_control,,0.2549019607843137,7613.0,2746,5.4380665
CCGCAAGCAATAACCC-19,Sample19,SW121,healthy_control,,0.2549019607843137,24334.0,5148,11.975014
CCGGGTAGTCTAATCG-19,Sample19,SW121,healthy_control,,0.2549019607843137,14333.0,3776,8.016465
CCGTAGGTCTCAAAGC-19,Sample19,SW121,healthy_control,,0.32862190812720876,19353.0,4321,4.8416266
CCTGTTGCATCGAACT-19,Sample19,SW121,healthy_control,,0.32862190812720876,7596.0,2639,5.134281
CGAGGCTTCCATCTAT-19,Sample19,SW121,healthy_control,,0.28750000000000014,15079.0,3451,9.768553
CGCCAGATCAGCCTCT-19,Sample19,SW121,healthy_control,,0.5581395348837199,17750.0,3973,7.4197183
CGCCATTTCGCAGTCG-19,Sample19,SW121,healthy_control,,0.5581395348837199,7518.0,2463,5.7595105
CGGACACCAAGCGCTC-19,Sample19,SW121,healthy_control,,0.45454545454545453,11237.0,2860,6.354009
CTACTATAGCTGCGAA-19,Sample19,SW121,healthy_control,,0.32862190812720876,26733.0,5187,7.002581
CTCACTGAGTCACACT-19,Sample19,SW121,healthy_control,,0.3821138211382112,12453.0,3746,5.4203806
CTCACTGCACTTGTGA-19,Sample19,SW121,healthy_control,,0.3821138211382112,19543.0,4603,5.8230567
CTCCACAAGGTAGTAT-19,Sample19,SW121,healthy_control,,0.3821138211382112,34673.0,5729,5.8777723
CTCCCAACAATACCCA-19,Sample19,SW121,healthy_control,,0.28750000000000014,1068.0,459,0.7490637
CTGAGGCAGGACTGGT-19,Sample19,SW121,healthy_control,,0.32862190812720876,17269.0,4231,5.9412823
GAAGAATGTGGAAATT-19,Sample19,SW121,healthy_control,,0.45454545454545453,20435.0,4422,5.9212136
GAAGTAAAGGTAAGGA-19,Sample19,SW121,healthy_control,,0.32862190812720876,17103.0,3986,5.4025607
GACATCATCACGGTCG-19,Sample19,SW121,healthy_control,,0.28750000000000014,6244.0,2124,11.659193
GAGTGTTGTCTGTAAC-19,Sample19,SW121,healthy_control,,0.32862190812720876,10333.0,2774,5.342108
GATTGGTGTAGCGTTT-19,Sample19,SW121,healthy_control,,0.3821138211382112,15928.0,3868,7.9294324
GCAGCTGGTGCTAGCC-19,Sample19,SW121,healthy_control,,0.3821138211382112,13058.0,3288,6.111196
GCCTGTTAGTAATCCC-19,Sample19,SW121,healthy_control,,0.2549019607843137,15871.0,3401,7.472749
GCGGATCGTACGCTTA-19,Sample19,SW121,healthy_control,,0.32862190812720876,8175.0,2743,9.944954
GCGTTTCAGGAGTCTG-19,Sample19,SW121,healthy_control,,0.32862190812720876,7888.0,2276,14.287525
GGAAGTGTCCGTTGAA-19,Sample19,SW121,healthy_control,,0.3821138211382112,14587.0,3782,8.42531
GGGCTCAGTCTATGAC-19,Sample19,SW121,healthy_control,,0.32862190812720876,12510.0,3017,5.323741
GGGTCTGAGGCCGCTT-19,Sample19,SW121,healthy_control,,0.3821138211382112,23298.0,4717,5.9060864
GGTAATCAGTGGCCTC-19,Sample19,SW121,healthy_control,,0.5581395348837199,11277.0,3218,7.4753923
GGTCACGGTGAGAACC-19,Sample19,SW121,healthy_control,,0.3821138211382112,17161.0,4085,7.5927973
GGTGGCTAGAGCCTGA-19,Sample19,SW121,healthy_control,,0.45454545454545453,21360.0,4738,6.5870786
GTCACGGAGTGCCAGA-19,Sample19,SW121,healthy_control,,0.2549019607843137,9040.0,2505,9.070797
GTGTTAGGTGTGTGGA-19,Sample19,SW121,healthy_control,,0.2549019607843137,6324.0,2129,10.657811
GTGTTAGTCGACCTAA-19,Sample19,SW121,healthy_control,,0.3821138211382112,30312.0,5684,6.657429
GTTGTCCAGTGCTCAT-19,Sample19,SW121,healthy_control,,0.28750000000000014,40610.0,6210,6.1142573
TAACCAGTCTCGAGTA-19,Sample19,SW121,healthy_control,,0.45454545454545453,19046.0,4143,10.264623
TAACGACTCGGATTAC-19,Sample19,SW121,healthy_control,,0.3821138211382112,14134.0,3927,9.077402
TAAGCCAAGGAGGTTC-19,Sample19,SW121,healthy_control,,0.32862190812720876,6820.0,2281,6.070381
TAAGCGTAGTCCTACA-19,Sample19,SW121,healthy_control,,0.28750000000000014,17354.0,4211,9.530944
TAAGCGTGTCTAGTGT-19,Sample19,SW121,healthy_control,,0.32862190812720876,10643.0,2678,8.691158
TACCCACAGTCAACAA-19,Sample19,SW121,healthy_control,,0.28750000000000014,12299.0,3669,6.154972
TACCGGGTCATTGAGC-19,Sample19,SW121,healthy_control,,0.2549019607843137,4845.0,1972,6.6047473
TACTTCATCAGACCCG-19,Sample19,SW121,healthy_control,,0.32862190812720876,4457.0,1689,4.1732106
TAGGGTTTCTCGACGG-19,Sample19,SW121,healthy_control,,0.32862190812720876,21561.0,4688,6.9941096
TAGGTACGTGGTCCCA-19,Sample19,SW121,healthy_control,,0.28750000000000014,10800.0,3412,6.824074
TATACCTCAAATGAAC-19,Sample19,SW121,healthy_control,,0.28750000000000014,27060.0,5208,6.6777534
TATCTGTAGCAGCAGT-19,Sample19,SW121,healthy_control,,0.45454545454545453,8070.0,2401,6.815366
TATTGGGGTCTCCCTA-19,Sample19,SW121,healthy_control,,0.28750000000000014,6865.0,2337,12.906045
TCAATTCGTCGCTTAA-19,Sample19,SW121,healthy_control,,0.28750000000000014,10207.0,3220,7.4654646
TCACACCTCCATTTCA-19,Sample19,SW121,healthy_control,,0.5581395348837199,21192.0,4608,4.983012
TCACACCTCGGAAACG-19,Sample19,SW121,healthy_control,,0.2549019607843137,16723.0,3652,8.718532
TCACATTCACCAGTTA-19,Sample19,SW121,healthy_control,,0.45454545454545453,16459.0,4078,6.3673368
TCAGCCTGTTAGCTAC-19,Sample19,SW121,healthy_control,,0.32862190812720876,19416.0,4288,9.373713
TCATACTGTACCTAAC-19,Sample19,SW121,healthy_control,,0.45454545454545453,10333.0,3306,4.9453206
TCATGAGGTGGCTGCT-19,Sample19,SW121,healthy_control,,0.3821138211382112,10070.0,2551,7.9145975
TCCCAGTTCACACCGG-19,Sample19,SW121,healthy_control,,0.45454545454545453,20098.0,4316,9.692507
TCGAACATCTGAATGC-19,Sample19,SW121,healthy_control,,0.5581395348837199,9571.0,3062,7.282416
TCTAACTTCAACTTTC-19,Sample19,SW121,healthy_control,,0.32862190812720876,14711.0,3507,5.682822
TCTATCACATAATGCC-19,Sample19,SW121,healthy_control,,0.3821138211382112,11398.0,3197,9.177049
TCTCACGGTAGGATAT-19,Sample19,SW121,healthy_control,,0.28750000000000014,15832.0,3972,10.478778
TCTGGCTTCGACATAC-19,Sample19,SW121,healthy_control,,0.45454545454545453,13125.0,3400,6.826667
TGAACGTAGTTATGGA-19,Sample19,SW121,healthy_control,,0.45454545454545453,12650.0,2871,9.72332
TGAGCATCAAGGTCAG-19,Sample19,SW121,healthy_control,,0.3821138211382112,11801.0,2874,13.083637
TGGCGTGTCTCCGTGT-19,Sample19,SW121,healthy_control,,0.3821138211382112,17440.0,3813,5.81422
TGGGCTGCAGCGTTTA-19,Sample19,SW121,healthy_control,,0.3821138211382112,12972.0,3671,10.098674
TGGGCTGTCCTTACCG-19,Sample19,SW121,healthy_control,,0.2549019607843137,7467.0,2335,4.9015665
TGTACAGGTTCCGGTG-19,Sample19,SW121,healthy_control,,0.2549019607843137,36099.0,5909,10.983684
TGTGCGGTCGGTCATA-19,Sample19,SW121,healthy_control,,0.3821138211382112,6374.0,2511,8.660182
TGTTCCGTCCTAAGTG-19,Sample19,SW121,healthy_control,,0.3821138211382112,9976.0,2630,9.402566
TGTTCTACAGCACAGA-19,Sample19,SW121,healthy_control,,0.3821138211382112,15141.0,3723,6.967836
TGTTGAGGTAAGTTGA-19,Sample19,SW121,healthy_control,,0.45454545454545453,8575.0,2452,9.131195
TGTTGGACATCAGTCA-19,Sample19,SW121,healthy_control,,0.28750000000000014,4114.0,1767,8.361692
TTACAGGTCGTAGCCG-19,Sample19,SW121,healthy_control,,0.5581395348837199,15950.0,3909,6.846395
TTCCACGCATAGAGGC-19,Sample19,SW121,healthy_control,,0.32862190812720876,15422.0,3789,5.498638
TTCGATTGTCACCGCA-19,Sample19,SW121,healthy_control,,0.5581395348837199,12834.0,3245,6.5529065
TTCTCTCGTCCGACGT-19,Sample19,SW121,healthy_control,,0.32862190812720876,7092.0,1986,9.1652565
TTGGGATAGCTAGAGC-19,Sample19,SW121,healthy_control,,0.28750000000000014,15667.0,3254,6.9445333
TTTCAGTCATTAAGCC-19,Sample19,SW121,healthy_control,,0.3821138211382112,11141.0,3126,9.55031
TTTCGATAGAGGCTGT-19,Sample19,SW121,healthy_control,,0.45454545454545453,11904.0,3523,6.0987906
TTTGACTAGCACTAAA-19,Sample19,SW121,healthy_control,,0.45454545454545453,14511.0,4030,7.663152
TTTGATCGTAGGATAT-19,Sample19,SW121,healthy_control,,0.28750000000000014,5690.0,1580,8.664324
AAACGCTTCTCCCATG-20,Sample20,SW122,COVID-19,asymptomatic,0.29411764705882326,469.0,354,9.808103
AACGGGACATTGGCAT-20,Sample20,SW122,COVID-19,asymptomatic,0.3895582329317266,7698.0,2605,5.9495974
AAGACTCCAAGCACAG-20,Sample20,SW122,COVID-19,asymptomatic,0.5657142857142853,18656.0,4598,4.604417
AAGTGAAAGGTCATCT-20,Sample20,SW122,COVID-19,asymptomatic,0.5657142857142853,3719.0,1521,9.787578
AATTCCTCATCCGAGC-20,Sample20,SW122,COVID-19,asymptomatic,0.46226415094339585,22000.0,4771,5.4363637
ACAGCCGGTCTTACTT-20,Sample20,SW122,COVID-19,asymptomatic,0.33566433566433534,11282.0,3211,7.40117
ACCATTTGTACTGCGC-20,Sample20,SW122,COVID-19,asymptomatic,0.3895582329317266,12052.0,3586,5.559243
ACGTTCCGTACTGGGA-20,Sample20,SW122,COVID-19,asymptomatic,0.46226415094339585,8711.0,2777,6.463093
ACTATCTGTATGTCCA-20,Sample20,SW122,COVID-19,asymptomatic,0.5657142857142853,4895.0,2029,8.110317
AGACAGGAGGACGCAT-20,Sample20,SW122,COVID-19,asymptomatic,0.46226415094339585,11893.0,3606,6.718238
AGAGCAGTCATAAGGA-20,Sample20,SW122,COVID-19,asymptomatic,0.29411764705882326,3942.0,1580,6.874683
ATACTTCTCATGAAAG-20,Sample20,SW122,COVID-19,asymptomatic,0.3895582329317266,11070.0,2912,6.8744354
ATGAGGGAGAAGTCTA-20,Sample20,SW122,COVID-19,asymptomatic,0.29411764705882326,7033.0,2293,7.5216837
ATGGTTGAGGCCACCT-20,Sample20,SW122,COVID-19,asymptomatic,0.5657142857142853,19499.0,4652,4.62075
ATGGTTGCACGTCGTG-20,Sample20,SW122,COVID-19,asymptomatic,0.3895582329317266,11757.0,3382,7.433869
ATTATCCCAGGATTCT-20,Sample20,SW122,COVID-19,asymptomatic,0.33566433566433534,10128.0,2953,7.3262243
CAACGGCAGGTACAGC-20,Sample20,SW122,COVID-19,asymptomatic,0.46226415094339585,6039.0,2180,7.8324227
CACAGGCTCTCCCATG-20,Sample20,SW122,COVID-19,asymptomatic,0.29411764705882326,704.0,490,10.795455
CACGTGGCAGAGTGAC-20,Sample20,SW122,COVID-19,asymptomatic,0.3895582329317266,5163.0,1995,6.6627927
CACTGGGCATACCAGT-20,Sample20,SW122,COVID-19,asymptomatic,0.46226415094339585,11044.0,3171,7.569721
CAGTGCGCACTGTCCT-20,Sample20,SW122,COVID-19,asymptomatic,0.33566433566433534,16135.0,4124,5.305237
CATCGGGCAGATCATC-20,Sample20,SW122,COVID-19,asymptomatic,0.3895582329317266,8868.0,2839,7.0703654
CATGGTAGTCGCATGC-20,Sample20,SW122,COVID-19,asymptomatic,0.33566433566433534,7341.0,2247,6.5658627
CCCTTAGAGTTCCGGC-20,Sample20,SW122,COVID-19,asymptomatic,0.29411764705882326,7834.0,2196,10.45443
CCGATGGCACGAGGAT-20,Sample20,SW122,COVID-19,asymptomatic,0.46226415094339585,9961.0,2767,6.133922
CCGCAAGTCCATTCGC-20,Sample20,SW122,COVID-19,asymptomatic,0.46226415094339585,9576.0,3008,9.743108
CCGGTAGGTCTGCATA-20,Sample20,SW122,COVID-19,asymptomatic,0.33566433566433534,2319.0,1150,6.942648
CCGTGAGCAGTTTGGT-20,Sample20,SW122,COVID-19,asymptomatic,0.29411764705882326,8638.0,2902,9.20352
CCTCAGTTCCTCCACA-20,Sample20,SW122,COVID-19,asymptomatic,0.46226415094339585,18776.0,4566,9.480187
CGGGTCATCCATCGTC-20,Sample20,SW122,COVID-19,asymptomatic,0.46226415094339585,15600.0,3880,5.314102
CTACATTGTTGCCGAC-20,Sample20,SW122,COVID-19,asymptomatic,0.29411764705882326,2460.0,1111,9.512195
CTACCTGTCAGCAATC-20,Sample20,SW122,COVID-19,asymptomatic,0.46226415094339585,15832.0,3893,8.880748
CTCCACATCGACATTG-20,Sample20,SW122,COVID-19,asymptomatic,0.33566433566433534,11477.0,3197,5.8639016
CTCCGATTCCTGTACC-20,Sample20,SW122,COVID-19,asymptomatic,0.5657142857142853,21478.0,4653,3.771301
CTCGAGGTCGAAGTGG-20,Sample20,SW122,COVID-19,asymptomatic,0.46226415094339585,15134.0,3930,5.4909477
CTGAATGAGAGCAGTC-20,Sample20,SW122,COVID-19,asymptomatic,0.5657142857142853,4505.0,1804,5.7047725
CTGTAGAAGAAGTCAT-20,Sample20,SW122,COVID-19,asymptomatic,0.3895582329317266,5032.0,2008,13.394277
CTTCGGTAGGACGCAT-20,Sample20,SW122,COVID-19,asymptomatic,0.29411764705882326,8341.0,2696,3.7525475
GAAATGAGTGTAGCAG-20,Sample20,SW122,COVID-19,asymptomatic,0.46226415094339585,10553.0,3430,8.03563
GAAGGACCATGGTGGA-20,Sample20,SW122,COVID-19,asymptomatic,0.3895582329317266,9849.0,2986,5.838156
GAAGTAAAGGCCACTC-20,Sample20,SW122,COVID-19,asymptomatic,0.3895582329317266,14315.0,3814,4.3520784
GAATAGAGTCTACATG-20,Sample20,SW122,COVID-19,asymptomatic,0.46226415094339585,18659.0,4172,6.774211
GAGACTTCACTGGACC-20,Sample20,SW122,COVID-19,asymptomatic,0.29411764705882326,13425.0,3646,5.147114
GATTGGTAGGTAGTCG-20,Sample20,SW122,COVID-19,asymptomatic,0.29411764705882326,6063.0,2009,7.042718
GCCATGGTCGTGGACC-20,Sample20,SW122,COVID-19,asymptomatic,0.29411764705882326,885.0,503,1.3559322
GCCGATGAGACTGGGT-20,Sample20,SW122,COVID-19,asymptomatic,0.46226415094339585,5141.0,2030,7.3915577
GCTTCACTCGAGAATA-20,Sample20,SW122,COVID-19,asymptomatic,0.46226415094339585,9645.0,3130,6.666667
GGACGTCAGTGTTGTC-20,Sample20,SW122,COVID-19,asymptomatic,0.46226415094339585,7978.0,2863,4.7380295
GGAGAACGTGATACTC-20,Sample20,SW122,COVID-19,asymptomatic,0.46226415094339585,7851.0,2495,14.163801
GGCAGTCTCCCGGTAG-20,Sample20,SW122,COVID-19,asymptomatic,0.33566433566433534,11120.0,3197,9.226619
GGGACCTTCTGGGAGA-20,Sample20,SW122,COVID-19,asymptomatic,0.3895582329317266,4262.0,1848,7.7663074
GTAACACTCTTCTAAC-20,Sample20,SW122,COVID-19,asymptomatic,0.46226415094339585,16605.0,4009,5.0045166
TACAGGTGTGATCATC-20,Sample20,SW122,COVID-19,asymptomatic,0.29411764705882326,2300.0,1055,6.826087
TACCGAAAGATCGCTT-20,Sample20,SW122,COVID-19,asymptomatic,0.33566433566433534,5451.0,1682,8.787378
TATTCCAGTGGCTGAA-20,Sample20,SW122,COVID-19,asymptomatic,0.46226415094339585,6020.0,2390,9.850498
TATTTCGCAATAGGGC-20,Sample20,SW122,COVID-19,asymptomatic,0.46226415094339585,5824.0,2072,8.945742
TCAGCAATCCCTTCCC-20,Sample20,SW122,COVID-19,asymptomatic,0.3895582329317266,17455.0,4299,6.6055574
TCAGTGAAGAAGAGCA-20,Sample20,SW122,COVID-19,asymptomatic,0.5657142857142853,15855.0,3993,4.169032
TCATTGTAGCGTTAGG-20,Sample20,SW122,COVID-19,asymptomatic,0.29411764705882326,6673.0,2280,8.182227
TCCCACAGTCCACGCA-20,Sample20,SW122,COVID-19,asymptomatic,0.3895582329317266,13848.0,3559,5.820335
TCGCTTGTCCCTTCCC-20,Sample20,SW122,COVID-19,asymptomatic,0.46226415094339585,15507.0,4256,4.6817565
TCGTCCACAAGCTCTA-20,Sample20,SW122,COVID-19,asymptomatic,0.46226415094339585,9474.0,2926,7.209204
TCTGGCTTCAACTTTC-20,Sample20,SW122,COVID-19,asymptomatic,0.46226415094339585,6325.0,2096,8.047431
TGAGGTTCAGCAGTGA-20,Sample20,SW122,COVID-19,asymptomatic,0.5657142857142853,11877.0,3438,6.339985
TGATTCTCACATAACC-20,Sample20,SW122,COVID-19,asymptomatic,0.46226415094339585,13236.0,3890,4.910849
TGCAGGCGTCAATCTG-20,Sample20,SW122,COVID-19,asymptomatic,0.3895582329317266,3786.0,1580,7.15795
TGGGCTGTCCAGCTCT-20,Sample20,SW122,COVID-19,asymptomatic,0.46226415094339585,8617.0,2623,7.659278
TGTGAGTGTTTACTGG-20,Sample20,SW122,COVID-19,asymptomatic,0.46226415094339585,12194.0,3684,3.6903396
TGTGATGAGTCATACC-20,Sample20,SW122,COVID-19,asymptomatic,0.3895582329317266,8288.0,2597,5.212355
TTACCGCCAAGCGAAC-20,Sample20,SW122,COVID-19,asymptomatic,0.3895582329317266,3074.0,1379,10.832791
TTATTGCAGGAGTCTG-20,Sample20,SW122,COVID-19,asymptomatic,0.46226415094339585,10681.0,2849,9.680741
TTCAGGATCCTCACGT-20,Sample20,SW122,COVID-19,asymptomatic,0.33566433566433534,8757.0,2487,8.347608
TTCATGTGTAGGAGTC-20,Sample20,SW122,COVID-19,asymptomatic,0.5657142857142853,16406.0,4235,5.699135
TTCCGTGTCCTAGAGT-20,Sample20,SW122,COVID-19,asymptomatic,0.3895582329317266,5971.0,1753,8.943226
TTCGATTCAGGCCCTA-20,Sample20,SW122,COVID-19,asymptomatic,0.46226415094339585,13180.0,3533,5.69044
TTCGGTCGTTGTGGCC-20,Sample20,SW122,COVID-19,asymptomatic,0.5657142857142853,6693.0,2371,5.7821608
TTCGGTCGTTTGATCG-20,Sample20,SW122,COVID-19,asymptomatic,0.29411764705882326,18384.0,4238,5.080505
TTTCATGCATACGCAT-20,Sample20,SW122,COVID-19,asymptomatic,0.33566433566433534,11636.0,3585,5.998625
TTTGATCGTTAATGAG-20,Sample20,SW122,COVID-19,asymptomatic,0.46226415094339585,12613.0,3226,5.224768
