PC,direction,rank,gene_name,loading
PC1,positive,1,FCN1,0.06949831660294477
PC1,positive,2,LYZ,0.06875119938424326
PC1,positive,3,AIF1,0.06756675237337305
PC1,positive,4,SERPINA1,0.06701311100913784
PC1,positive,5,CTSS,0.06662944922342268
PC1,positive,6,S100A9,0.06547677198342855
PC1,positive,7,LST1,0.06520977232726564
PC1,positive,8,TYMP,0.06491780102403008
PC1,positive,9,SPI1,0.06482423498915459
PC1,positive,10,CYBB,0.0647633138287349
PC1,negative,1,IL32,-0.042564562729463996
PC1,negative,2,CCL5,-0.04070217724521397
PC1,negative,3,CD3E,-0.04047205445860954
PC1,negative,4,ARL4C,-0.03953878295577241
PC1,negative,5,TRBC2,-0.03904842552622563
PC1,negative,6,GZMM,-0.03877474165796464
PC1,negative,7,SYNE2,-0.038245701038581506
PC1,negative,8,CD69,-0.03777420714699411
PC1,negative,9,CST7,-0.03690678104884103
PC1,negative,10,CD247,-0.03643266949481234
PC2,positive,1,PF4,0.09197230971955064
PC2,positive,2,GNG11,0.09196349846549684
PC2,positive,3,CAVIN2,0.09149746856961287
PC2,positive,4,TUBB1,0.09021962966516088
PC2,positive,5,GP9,0.08918352310513224
PC2,positive,6,PPBP,0.08726673450550203
PC2,positive,7,CMTM5,0.08710230032619738
PC2,positive,8,ACRBP,0.08693575232347221
PC2,positive,9,HIST1H2AC,0.0867804763121737
PC2,positive,10,NRGN,0.08630143688571497
PC2,negative,1,RPS2,-0.07458900239918427
PC2,negative,2,HSP90AA1,-0.05951856611894796
PC2,negative,3,CORO1A,-0.05896528676407529
PC2,negative,4,NKG7,-0.05852234731025011
PC2,negative,5,GZMA,-0.05733839431924204
PC2,negative,6,RPLP0,-0.05711941429851788
PC2,negative,7,S100A4,-0.055539983694041485
PC2,negative,8,ARL4C,-0.05541717655805902
PC2,negative,9,IL32,-0.05512852751130261
PC2,negative,10,NPM1,-0.054198367317987606
PC3,positive,1,CD79A,0.11780347357631785
PC3,positive,2,MS4A1,0.11062240349734784
PC3,positive,3,IGHM,0.10801512597084786
PC3,positive,4,TNFRSF13C,0.10616883404216951
PC3,positive,5,LINC00926,0.10607517643031925
PC3,positive,6,IGHD,0.10363868323080164
PC3,positive,7,BANK1,0.09870510074647872
PC3,positive,8,CD79B,0.09457115863304054
PC3,positive,9,RALGPS2,0.0938521145674931
PC3,positive,10,AFF3,0.08904793874403537
PC3,negative,1,CCL5,-0.0820588568202912
PC3,negative,2,SRGN,-0.07080951021572424
PC3,negative,3,NKG7,-0.0703436745273818
PC3,negative,4,CST7,-0.06825510802904806
PC3,negative,5,GZMA,-0.06722086049465781
PC3,negative,6,PRF1,-0.06450185862555244
PC3,negative,7,GZMH,-0.06434525665078435
PC3,negative,8,GZMB,-0.06410247276213667
PC3,negative,9,CTSW,-0.06400119066243996
PC3,negative,10,TMSB4X,-0.06349692991848305
PC4,positive,1,TYMS,0.09605221247752067
PC4,positive,2,PCLAF,0.09408676690685325
PC4,positive,3,RRM2,0.08275365793740729
PC4,positive,4,MKI67,0.08143115908229051
PC4,positive,5,TK1,0.08062922105124394
PC4,positive,6,ZWINT,0.0798502143576729
PC4,positive,7,STMN1,0.07971618788714395
PC4,positive,8,BIRC5,0.07828171888067806
PC4,positive,9,CDT1,0.07733546678402989
PC4,positive,10,MYBL2,0.07278218558366366
PC4,negative,1,S100A12,-0.032808427810109966
PC4,negative,2,TNFAIP3,-0.03238451399051215
PC4,negative,3,SLC25A37,-0.03127146334209728
PC4,negative,4,S100A8,-0.029580023522584157
PC4,negative,5,ALAS2,-0.028429900819342588
PC4,negative,6,FOS,-0.02703149874921063
PC4,negative,7,HBA2,-0.02699994010023744
PC4,negative,8,IL1R2,-0.02605487778132701
PC4,negative,9,KLRB1,-0.02573462114730244
PC4,negative,10,DUSP1,-0.025308683831419175
PC5,positive,1,FCGR3A,0.11042314453801348
PC5,positive,2,HLA-DPB1,0.09096901417933692
PC5,positive,3,HLA-DPA1,0.0907281702840725
PC5,positive,4,RHOC,0.08729931806238113
PC5,positive,5,KLRF1,0.07739165735016364
PC5,positive,6,HLA-DRB1,0.07325800719783405
PC5,positive,7,GZMB,0.07174292326412816
PC5,positive,8,FGFBP2,0.07155015674260441
PC5,positive,9,SPON2,0.07114514946480216
PC5,positive,10,KLRD1,0.07111510777332201
PC5,negative,1,PCLAF,-0.07234199465794208
PC5,negative,2,IL7R,-0.07231277556284377
PC5,negative,3,TYMS,-0.07228778993619038
PC5,negative,4,MKI67,-0.06581292209402827
PC5,negative,5,BIRC5,-0.06470997326563094
PC5,negative,6,RRM2,-0.06305889314790562
PC5,negative,7,ZWINT,-0.06176685326371168
PC5,negative,8,S100A12,-0.061694140951555065
PC5,negative,9,TK1,-0.06112145519913343
PC5,negative,10,CDT1,-0.05756303871741834
PC6,positive,1,IL7R,0.11817565029407957
PC6,positive,2,CDKN1C,0.0897614249050801
PC6,positive,3,MAL,0.08369974622704518
PC6,positive,4,TRAC,0.08210864321665462
PC6,positive,5,RCAN3,0.08207018772938637
PC6,positive,6,CD3D,0.0808064474493547
PC6,positive,7,LTB,0.07609592102660655
PC6,positive,8,CD3G,0.07526469527688404
PC6,positive,9,TRAT1,0.07473477124990198
PC6,positive,10,CSF1R,0.07327089807215618
PC6,negative,1,GZMB,-0.08148723433514235
PC6,negative,2,KLRF1,-0.08070254924150344
PC6,negative,3,SPON2,-0.07638178956834435
PC6,negative,4,PRF1,-0.07500026648139987
PC6,negative,5,FGFBP2,-0.07391088583074128
PC6,negative,6,GNLY,-0.07310761799155555
PC6,negative,7,KLRD1,-0.07170844692576961
PC6,negative,8,S100A12,-0.07096447759738532
PC6,negative,9,CCL4,-0.06717944312592226
PC6,negative,10,TRDC,-0.066908712199744
PC7,positive,1,ALAS2,0.1355814809868693
PC7,positive,2,HBA1,0.1290278051119409
PC7,positive,3,HBA2,0.1282770375191621
PC7,positive,4,AHSP,0.12384364334174677
PC7,positive,5,CA1,0.11884610966345227
PC7,positive,6,SLC4A1,0.11701213963382336
PC7,positive,7,HBB,0.11047920439168032
PC7,positive,8,HBM,0.1077362305753724
PC7,positive,9,CDKN1C,0.08898762400041708
PC7,positive,10,HBD,0.08768061099401708
PC7,negative,1,TNFAIP3,-0.08336350136147999
PC7,negative,2,JUNB,-0.07973536825579274
PC7,negative,3,IL7R,-0.07564763761998138
PC7,negative,4,RPLP0,-0.07347687004668878
PC7,negative,5,JUN,-0.0729983876264381
PC7,negative,6,SLC2A3,-0.06832596221345356
PC7,negative,7,ZFP36,-0.06817174886411877
PC7,negative,8,CD3D,-0.06707394172245758
PC7,negative,9,NFKBIA,-0.06691596350985819
PC7,negative,10,GPR183,-0.06673286532976849
PC8,positive,1,BHLHE40,0.10273036729164392
PC8,positive,2,NR4A2,0.09165120573186344
PC8,positive,3,DUSP2,0.08781183770185377
PC8,positive,4,ZNF331,0.0875908475600514
PC8,positive,5,RGCC,0.08371754795152957
PC8,positive,6,CREM,0.08367728418888913
PC8,positive,7,ZFP36,0.08330117392090784
PC8,positive,8,IER2,0.07891366669413032
PC8,positive,9,MAFF,0.07865881064285135
PC8,positive,10,JUN,0.07770727784049102
PC8,negative,1,ACTB,-0.0971222435318633
PC8,negative,2,ACTG1,-0.08044977963806611
PC8,negative,3,CLU,-0.07869440674129621
PC8,negative,4,ARPC1B,-0.07771874372933724
PC8,negative,5,OAZ1,-0.07111884355140544
PC8,negative,6,PKM,-0.07060937783518859
PC8,negative,7,MYL9,-0.07024997415044802
PC8,negative,8,TMSB4X,-0.06905575579858765
PC8,negative,9,GAPDH,-0.06797436858365959
PC8,negative,10,PFN1,-0.06367356942832685
PC9,positive,1,MYL9,0.11804491745645596
PC9,positive,2,PARVB,0.09870156231409526
PC9,positive,3,TREML1,0.09215987926664986
PC9,positive,4,CD9,0.09000605319706441
PC9,positive,5,ITGA2B,0.08708512162048838
PC9,positive,6,ACTG1,0.08432169285005782
PC9,positive,7,GAPDH,0.08003887048885786
PC9,positive,8,GSN,0.08003106447664031
PC9,positive,9,ACTB,0.07893421941998872
PC9,positive,10,NRGN,0.07851314561448335
PC9,negative,1,EPSTI1,-0.0865930026614182
PC9,negative,2,GBP1,-0.08529809433495256
PC9,negative,3,NFE2,-0.08128113015332446
PC9,negative,4,DAB2,-0.07971238824968618
PC9,negative,5,INKA1,-0.07933278997742352
PC9,negative,6,OR2B6,-0.07897380031633285
PC9,negative,7,HIST1H2AE,-0.07707443573393115
PC9,negative,8,HIST1H3H,-0.07520576554646502
PC9,negative,9,TSC22D1,-0.07502987566335426
PC9,negative,10,VAMP5,-0.07433798198628416
PC10,positive,1,NFKBIZ,0.1099970105354466
PC10,positive,2,TNFAIP3,0.10247275809388193
PC10,positive,3,NFKBIA,0.09980148573859472
PC10,positive,4,CDKN1C,0.09226037115796475
PC10,positive,5,CCL3,0.08886809141041141
PC10,positive,6,DUSP1,0.08478137994548393
PC10,positive,7,BCL2A1,0.08260549018617631
PC10,positive,8,CXCL8,0.08072706144475685
PC10,positive,9,JUNB,0.08002674262178122
PC10,positive,10,HES4,0.07960461742607398
PC10,negative,1,ALAS2,-0.1045699487898406
PC10,negative,2,AHSP,-0.0968844687632997
PC10,negative,3,SLC4A1,-0.09302453837418861
PC10,negative,4,CA1,-0.09292087230055869
PC10,negative,5,HBA2,-0.0927712602005421
PC10,negative,6,HBM,-0.08495168401070775
PC10,negative,7,HBA1,-0.08281962355283885
PC10,negative,8,HBB,-0.0748520460202828
PC10,negative,9,GLRX5,-0.07086948295549211
PC10,negative,10,SELENBP1,-0.06904112501064391
